Country,Age,Single_Parent_both,Single_Parent_female,Single_Parent_male,Polygamous_both,Polygamous_female,Polygamous_male,Country_Standardized,ISO_code,SR_2010_2018,Total_schooling,GDP_per_capita,Median_age,Population_density,Labor_Female_to_Male,MainReligion_Share,MainReligion_mode
Afghanistan,0-17,1,1,1,5,5,5,Afghanistan,4,0.512704264,10.15866667,576.1482551,15.31660408,50.23755755,24.01329399,0.998720246,Muslims
Afghanistan,18-34,1,1,1,4,5,3,Afghanistan,4,0.509049699,10.15866667,576.1482551,15.31660408,50.23755755,24.01329399,0.998720246,Muslims
Afghanistan,35-59,1,1,1,6,7,4,Afghanistan,4,0.482461217,10.15866667,576.1482551,15.31660408,50.23755755,24.01329399,0.998720246,Muslims
Afghanistan,60+,1,1,1,4,5,4,Afghanistan,4,0.408680133,10.15866667,576.1482551,15.31660408,50.23755755,24.01329399,0.998720246,Muslims
Afghanistan,adults 18+,1,1,1,5,5,4,Afghanistan,4,,10.15866667,576.1482551,15.31660408,50.23755755,24.01329399,0.998720246,Muslims
Afghanistan,all,1,1,1,5,5,4,Afghanistan,4,,10.15866667,576.1482551,15.31660408,50.23755755,24.01329399,0.998720246,Muslims
Afghanistan,midage 18-59,1,1,1,5,5,4,Afghanistan,4,,10.15866667,576.1482551,15.31660408,50.23755755,24.01329399,0.998720246,Muslims
Albania,0-17,5,4,6,1,1,1,Albania,8,0.518808305,14.98722222,4443.256102,32.96234541,106.0520375,74.12339811,0.745644599,Muslims
Albania,18-34,2,2,1,1,1,1,Albania,8,0.505249517,14.98722222,4443.256102,32.96234541,106.0520375,74.12339811,0.745644599,Muslims
Albania,35-59,2,3.333333333,1,1,1,1,Albania,8,0.478583394,14.98722222,4443.256102,32.96234541,106.0520375,74.12339811,0.745644599,Muslims
Albania,60+,1,1,1,1,1,1,Albania,8,0.414075954,14.98722222,4443.256102,32.96234541,106.0520375,74.12339811,0.745644599,Muslims
Albania,adults 18+,1.5,2.5,1,1,1,1,Albania,8,,14.98722222,4443.256102,32.96234541,106.0520375,74.12339811,0.745644599,Muslims
Albania,all,2.333333333,3,2,1,1,1,Albania,8,,14.98722222,4443.256102,32.96234541,106.0520375,74.12339811,0.745644599,Muslims
Albania,midage 18-59,2,3.25,1,1,1,1,Albania,8,,14.98722222,4443.256102,32.96234541,106.0520375,74.12339811,0.745644599,Muslims
Algeria,0-17,2,2,2,1,1,1,Algeria,12,0.511219978,14.3525,5242.107312,26.27404869,16.48755219,21.50932762,0.983878292,Muslims
Algeria,18-34,2,2,2,1,1,1,Algeria,12,0.516147537,14.3525,5242.107312,26.27404869,16.48755219,21.50932762,0.983878292,Muslims
Algeria,35-59,2,3,1,1,1,1,Algeria,12,0.513700633,14.3525,5242.107312,26.27404869,16.48755219,21.50932762,0.983878292,Muslims
Algeria,60+,1,1,1,1,1,1,Algeria,12,0.459231592,14.3525,5242.107312,26.27404869,16.48755219,21.50932762,0.983878292,Muslims
Algeria,adults 18+,2,2,1,1,1,1,Algeria,12,,14.3525,5242.107312,26.27404869,16.48755219,21.50932762,0.983878292,Muslims
Algeria,all,2,2,2,1,1,1,Algeria,12,,14.3525,5242.107312,26.27404869,16.48755219,21.50932762,0.983878292,Muslims
Algeria,midage 18-59,2,2,1,1,1,1,Algeria,12,,14.3525,5242.107312,26.27404869,16.48755219,21.50932762,0.983878292,Muslims
All,0-17,8.545454545,8.484848485,8.363636364,2.190909091,2.224242424,2.190909091,,,,,,,,,,
All,18-34,2.985294118,3.976470588,2.079411765,1.579411765,1.791176471,1.367647059,,,,,,,,,,
All,35-59,3.255882353,5.235294118,1.141176471,1.694117647,2.035294118,1.408823529,,,,,,,,,,
All,60+,0.678787879,0.748484848,0.584848485,1.53030303,1.378787879,1.648484848,,,,,,,,,,
All,adults 18+,2.570588235,3.752941176,1.464705882,1.605882353,1.855882353,1.414705882,,,,,,,,,,
All,all,4.2,4.964705882,3.552941176,1.95,2.011764706,1.732352941,,,,,,,,,,
All,midage 18-59,3.05,4.552941176,1.514705882,1.638235294,1.917647059,1.388235294,,,,,,,,,,
Angola,0-17,12.25,11,12.5,1,1,1,Angola,24,0.50118895,9.5825,3706.748356,16.30222088,21.82560377,94.25450975,0.930343797,Christians
Angola,18-34,7,11,2.666666667,1,1,1,Angola,24,0.495808171,9.5825,3706.748356,16.30222088,21.82560377,94.25450975,0.930343797,Christians
Angola,35-59,6.666666667,11,2.333333333,1,1,1,Angola,24,0.480607488,9.5825,3706.748356,16.30222088,21.82560377,94.25450975,0.930343797,Christians
Angola,60+,1.333333333,1.666666667,1,1,1,1,Angola,24,0.427296759,9.5825,3706.748356,16.30222088,21.82560377,94.25450975,0.930343797,Christians
Angola,adults 18+,6.666666667,10,2,1,1,1,Angola,24,,9.5825,3706.748356,16.30222088,21.82560377,94.25450975,0.930343797,Christians
Angola,all,9.666666667,10.25,8.5,1,1,1,Angola,24,,9.5825,3706.748356,16.30222088,21.82560377,94.25450975,0.930343797,Christians
Angola,midage 18-59,6.666666667,11,2.666666667,1,1,1,Angola,24,,9.5825,3706.748356,16.30222088,21.82560377,94.25450975,0.930343797,Christians
Armenia,0-17,4.333333333,4.666666667,4.333333333,1,1,1,Armenia,51,0.525661145,13.11255556,3615.180463,32.47648975,102.6119309,80.41147722,0.972318339,Christians
Armenia,18-34,1.333333333,2.333333333,1,1,1,1,Armenia,51,0.478374092,13.11255556,3615.180463,32.47648975,102.6119309,80.41147722,0.972318339,Christians
Armenia,35-59,1,2,1,1,1,1,Armenia,51,0.437245137,13.11255556,3615.180463,32.47648975,102.6119309,80.41147722,0.972318339,Christians
Armenia,60+,1,1,1,1,1,1,Armenia,51,0.328180242,13.11255556,3615.180463,32.47648975,102.6119309,80.41147722,0.972318339,Christians
Armenia,adults 18+,1,2,1,1,1,1,Armenia,51,,13.11255556,3615.180463,32.47648975,102.6119309,80.41147722,0.972318339,Christians
Armenia,all,2,2.333333333,1,1,1,1,Armenia,51,,13.11255556,3615.180463,32.47648975,102.6119309,80.41147722,0.972318339,Christians
Armenia,midage 18-59,1.333333333,2,1,1,1,1,Armenia,51,,13.11255556,3615.180463,32.47648975,102.6119309,80.41147722,0.972318339,Christians
Austria,0-17,10.66666667,7.333333333,13.66666667,1,1,1,Austria,40,0.513405838,16.06244444,48325.9236,41.73959417,104.0050958,82.5323051,0.68161435,Christians
Austria,18-34,1,2,1,1,1,1,Austria,40,0.509271481,16.06244444,48325.9236,41.73959417,104.0050958,82.5323051,0.68161435,Christians
Austria,35-59,2.333333333,4.333333333,1.333333333,1,1,1,Austria,40,0.499202934,16.06244444,48325.9236,41.73959417,104.0050958,82.5323051,0.68161435,Christians
Austria,60+,1,1.333333333,1,1,1,1,Austria,40,0.374383867,16.06244444,48325.9236,41.73959417,104.0050958,82.5323051,0.68161435,Christians
Austria,adults 18+,1.25,2,1,1,1,1,Austria,40,,16.06244444,48325.9236,41.73959417,104.0050958,82.5323051,0.68161435,Christians
Austria,all,3.333333333,2.75,2.75,1,1,1,Austria,40,,16.06244444,48325.9236,41.73959417,104.0050958,82.5323051,0.68161435,Christians
Austria,midage 18-59,1.75,2.75,1,1,1,1,Austria,40,,16.06244444,48325.9236,41.73959417,104.0050958,82.5323051,0.68161435,Christians
Bangladesh,0-17,6,6.2,6,1,1,1,Bangladesh,50,0.508398476,11.23933333,1239.680442,23.10330631,1213.169606,42.84791226,0.910643416,Muslims
Bangladesh,18-34,3,3.8,1.8,1.2,1.2,1,Bangladesh,50,0.488872743,11.23933333,1239.680442,23.10330631,1213.169606,42.84791226,0.910643416,Muslims
Bangladesh,35-59,2.6,5,1,1.2,1.2,1,Bangladesh,50,0.484186839,11.23933333,1239.680442,23.10330631,1213.169606,42.84791226,0.910643416,Muslims
Bangladesh,60+,1,1,1,1.2,1,2,Bangladesh,50,0.435432593,11.23933333,1239.680442,23.10330631,1213.169606,42.84791226,0.910643416,Muslims
Bangladesh,adults 18+,2.6,4,1,1.2,1.2,1.2,Bangladesh,50,,11.23933333,1239.680442,23.10330631,1213.169606,42.84791226,0.910643416,Muslims
Bangladesh,all,4,4.6,3,1,1.2,1,Bangladesh,50,,11.23933333,1239.680442,23.10330631,1213.169606,42.84791226,0.910643416,Muslims
Bangladesh,midage 18-59,2.8,4.4,1,1.2,1.2,1,Bangladesh,50,,11.23933333,1239.680442,23.10330631,1213.169606,42.84791226,0.910643416,Muslims
Barbados,0-17,19.33333333,19.33333333,19.33333333,1,1,1,Barbados,52,0.508333257,15.7,19288.35287,36.66899184,646.977261,88.18261717,0.785714286,Christians
Barbados,18-34,7.666666667,8.666666667,6.666666667,1,1,1,Barbados,52,0.494367089,15.7,19288.35287,36.66899184,646.977261,88.18261717,0.785714286,Christians
Barbados,35-59,5.666666667,9.333333333,2.333333333,1,1,1,Barbados,52,0.473214287,15.7,19288.35287,36.66899184,646.977261,88.18261717,0.785714286,Christians
Barbados,60+,1,1,1,1,1,1,Barbados,52,0.379777692,15.7,19288.35287,36.66899184,646.977261,88.18261717,0.785714286,Christians
Barbados,adults 18+,5.333333333,6.666666667,3.333333333,1,1,1,Barbados,52,,15.7,19288.35287,36.66899184,646.977261,88.18261717,0.785714286,Christians
Barbados,all,8.666666667,9.666666667,7.666666667,1,1,1,Barbados,52,,15.7,19288.35287,36.66899184,646.977261,88.18261717,0.785714286,Christians
Barbados,midage 18-59,6.666666667,8.666666667,4.333333333,1,1,1,Barbados,52,,15.7,19288.35287,36.66899184,646.977261,88.18261717,0.785714286,Christians
Belgium,0-17,10.25,11.25,9.25,1,1,1,Belgium,56,0.511417424,19.473,45118.18402,40.28453582,370.149175,80.48508149,0.509532062,Christians
Belgium,18-34,2.5,3.5,1.25,1,1,1,Belgium,56,0.505264957,19.473,45118.18402,40.28453582,370.149175,80.48508149,0.509532062,Christians
Belgium,35-59,3.75,5,2,1,1,1,Belgium,56,0.503808404,19.473,45118.18402,40.28453582,370.149175,80.48508149,0.509532062,Christians
Belgium,60+,1,1,1,1,1,1,Belgium,56,0.384660378,19.473,45118.18402,40.28453582,370.149175,80.48508149,0.509532062,Christians
Belgium,adults 18+,2.5,3.25,1.25,1,1,1,Belgium,56,,19.473,45118.18402,40.28453582,370.149175,80.48508149,0.509532062,Christians
Belgium,all,4.25,4.5,3.25,1,1,1,Belgium,56,,19.473,45118.18402,40.28453582,370.149175,80.48508149,0.509532062,Christians
Belgium,midage 18-59,3.25,4.75,1.75,1,1,1,Belgium,56,,19.473,45118.18402,40.28453582,370.149175,80.48508149,0.509532062,Christians
Belize,0-17,14.66666667,13.66666667,14.66666667,1,1,1,Belize,84,0.508005871,12.93522222,5913.583832,22.37987193,15.32939987,60.11028858,0.743589744,Christians
Belize,18-34,7,9.333333333,4,1,1,1,Belize,84,0.498610946,12.93522222,5913.583832,22.37987193,15.32939987,60.11028858,0.743589744,Christians
Belize,35-59,6,10.33333333,1.666666667,1,1,1,Belize,84,0.500769172,12.93522222,5913.583832,22.37987193,15.32939987,60.11028858,0.743589744,Christians
Belize,60+,1.333333333,1,1.666666667,1,1,1,Belize,84,0.478063047,12.93522222,5913.583832,22.37987193,15.32939987,60.11028858,0.743589744,Christians
Belize,adults 18+,6,9,3,1,1,1,Belize,84,,12.93522222,5913.583832,22.37987193,15.32939987,60.11028858,0.743589744,Christians
Belize,all,9,11,7.666666667,1,1,1,Belize,84,,12.93522222,5913.583832,22.37987193,15.32939987,60.11028858,0.743589744,Christians
Belize,midage 18-59,6.666666667,10,3,1,1,1,Belize,84,,12.93522222,5913.583832,22.37987193,15.32939987,60.11028858,0.743589744,Christians
Benin,0-17,7.75,8,7.75,10.75,10.5,10.75,Benin,204,0.507453568,11.9636,1077.464186,16.99175941,98.05412823,95.27381434,0.532517215,Christians
Benin,18-34,4.5,5.5,3.75,7.75,10,5,Benin,204,0.502495866,11.9636,1077.464186,16.99175941,98.05412823,95.27381434,0.532517215,Christians
Benin,35-59,6.25,10,2.25,8.25,9,7.25,Benin,204,0.48560138,11.9636,1077.464186,16.99175941,98.05412823,95.27381434,0.532517215,Christians
Benin,60+,2.75,3,2.75,3.5,1.75,5.25,Benin,204,0.389158626,11.9636,1077.464186,16.99175941,98.05412823,95.27381434,0.532517215,Christians
Benin,adults 18+,5.25,6.75,3.25,7.25,8.75,6,Benin,204,,11.9636,1077.464186,16.99175941,98.05412823,95.27381434,0.532517215,Christians
Benin,all,6.25,7.25,5.5,9,10,8.5,Benin,204,,11.9636,1077.464186,16.99175941,98.05412823,95.27381434,0.532517215,Christians
Benin,midage 18-59,5.5,7.25,3.25,7.75,9.25,6,Benin,204,,11.9636,1077.464186,16.99175941,98.05412823,95.27381434,0.532517215,Christians
Botswana,0-17,9,8,9.5,1,1,1,Botswana,72,0.504804507,,6810.124144,21.72355519,3.82936113,81.9296394,0.82278481,Christians
Botswana,18-34,3.2,4.2,2,1,1,1,Botswana,72,0.500168574,,6810.124144,21.72355519,3.82936113,81.9296394,0.82278481,Christians
Botswana,35-59,4.2,6.6,1.8,1,1,1,Botswana,72,0.485496849,,6810.124144,21.72355519,3.82936113,81.9296394,0.82278481,Christians
Botswana,60+,1,1,1,1,1,1,Botswana,72,0.365416919,,6810.124144,21.72355519,3.82936113,81.9296394,0.82278481,Christians
Botswana,adults 18+,3.4,4.6,2,1,1,1,Botswana,72,,,6810.124144,21.72355519,3.82936113,81.9296394,0.82278481,Christians
Botswana,all,4.6,5.4,4,1,1,1,Botswana,72,,,6810.124144,21.72355519,3.82936113,81.9296394,0.82278481,Christians
Botswana,midage 18-59,3.6,5,2,1,1,1,Botswana,72,,,6810.124144,21.72355519,3.82936113,81.9296394,0.82278481,Christians
Brazil,0-17,10.33333333,9.833333333,10.66666667,1,1,1,Brazil,76,0.509623667,15.14514286,11023.24079,30.01352857,23.93050438,70.55972742,0.80657529,Christians
Brazil,18-34,3.166666667,4.5,2,1,1,1,Brazil,76,0.503029634,15.14514286,11023.24079,30.01352857,23.93050438,70.55972742,0.80657529,Christians
Brazil,35-59,3.666666667,6.5,1,1,1,1,Brazil,76,0.488727436,15.14514286,11023.24079,30.01352857,23.93050438,70.55972742,0.80657529,Christians
Brazil,60+,1,1,1,1,1,1,Brazil,76,0.41168647,15.14514286,11023.24079,30.01352857,23.93050438,70.55972742,0.80657529,Christians
Brazil,adults 18+,2.714285714,4.428571429,1.142857143,1,1,1,Brazil,76,,15.14514286,11023.24079,30.01352857,23.93050438,70.55972742,0.80657529,Christians
Brazil,all,4.666666667,5.714285714,3,1,1,1,Brazil,76,,15.14514286,11023.24079,30.01352857,23.93050438,70.55972742,0.80657529,Christians
Brazil,midage 18-59,3.285714286,5.285714286,1.571428571,1,1,1,Brazil,76,,15.14514286,11023.24079,30.01352857,23.93050438,70.55972742,0.80657529,Christians
Bulgaria,0-17,6.5,6.5,6.25,1,1,1,Bulgaria,100,0.514198361,15.17677778,7962.366179,42.24905651,66.65684466,80.5706049,0.795093795,Christians
Bulgaria,18-34,1.75,3.5,1,1,1,1,Bulgaria,100,0.516227231,15.17677778,7962.366179,42.24905651,66.65684466,80.5706049,0.795093795,Christians
Bulgaria,35-59,1.25,2.25,1,1,1,1,Bulgaria,100,0.504564752,15.17677778,7962.366179,42.24905651,66.65684466,80.5706049,0.795093795,Christians
Bulgaria,60+,1,1,1,1,1,1,Bulgaria,100,0.380679677,15.17677778,7962.366179,42.24905651,66.65684466,80.5706049,0.795093795,Christians
Bulgaria,adults 18+,1,2,1,1,1,1,Bulgaria,100,,15.17677778,7962.366179,42.24905651,66.65684466,80.5706049,0.795093795,Christians
Bulgaria,all,2,2.75,1.25,1,1,1,Bulgaria,100,,15.17677778,7962.366179,42.24905651,66.65684466,80.5706049,0.795093795,Christians
Bulgaria,midage 18-59,1.5,2.75,1,1,1,1,Bulgaria,100,,15.17677778,7962.366179,42.24905651,66.65684466,80.5706049,0.795093795,Christians
Burkina Faso,0-17,3.25,3.25,3.25,32.25,34,30.5,Burkina Faso,854,0.507378078,7.772,709.6111299,16.05322606,66.75625427,76.53700496,0.674115456,Muslims
Burkina Faso,18-34,3,3.333333333,2,24.66666667,29.66666667,18.33333333,Burkina Faso,854,0.502031078,7.772,709.6111299,16.05322606,66.75625427,76.53700496,0.674115456,Muslims
Burkina Faso,35-59,2.666666667,3.333333333,1,34.66666667,43.33333333,25,Burkina Faso,854,0.471127794,7.772,709.6111299,16.05322606,66.75625427,76.53700496,0.674115456,Muslims
Burkina Faso,60+,1,1,1,35.66666667,35.33333333,35.66666667,Burkina Faso,854,0.342950806,7.772,709.6111299,16.05322606,66.75625427,76.53700496,0.674115456,Muslims
Burkina Faso,adults 18+,2.25,2.5,1.75,30.5,36,23,Burkina Faso,854,,7.772,709.6111299,16.05322606,66.75625427,76.53700496,0.674115456,Muslims
Burkina Faso,all,3,3.25,2.5,33.33333333,35,27.25,Burkina Faso,854,,7.772,709.6111299,16.05322606,66.75625427,76.53700496,0.674115456,Muslims
Burkina Faso,midage 18-59,2.5,2.75,1.75,30.25,36.75,20,Burkina Faso,854,,7.772,709.6111299,16.05322606,66.75625427,76.53700496,0.674115456,Muslims
Burundi,0-17,13.25,12.5,13.5,1,1,1.25,Burundi,108,0.501637663,10.815125,237.9685786,15.6816173,411.2944337,103.0532864,0.949286846,Christians
Burundi,18-34,7.75,10.75,3.5,1,1.25,1,Burundi,108,0.49713908,10.815125,237.9685786,15.6816173,411.2944337,103.0532864,0.949286846,Christians
Burundi,35-59,8.75,15.5,2.25,1,1,1,Burundi,108,0.48576596,10.815125,237.9685786,15.6816173,411.2944337,103.0532864,0.949286846,Christians
Burundi,60+,2,2,2,1,1,1,Burundi,108,0.380447902,10.815125,237.9685786,15.6816173,411.2944337,103.0532864,0.949286846,Christians
Burundi,adults 18+,7,11.5,3.25,1,1,1,Burundi,108,,10.815125,237.9685786,15.6816173,411.2944337,103.0532864,0.949286846,Christians
Burundi,all,10.5,12,9.25,1,1,1,Burundi,108,,10.815125,237.9685786,15.6816173,411.2944337,103.0532864,0.949286846,Christians
Burundi,midage 18-59,7.75,12.75,3.25,1,1,1,Burundi,108,,10.815125,237.9685786,15.6816173,411.2944337,103.0532864,0.949286846,Christians
Cambodia,0-17,3,2.75,3.75,1,1,1,Cambodia,116,0.510546002,10.033,1450.758466,22.83152245,85.0414573,87.89148536,0.970711297,Buddhists
Cambodia,18-34,1.5,1.5,1.5,1,1,1,Cambodia,116,0.497643552,10.033,1450.758466,22.83152245,85.0414573,87.89148536,0.970711297,Buddhists
Cambodia,35-59,2,3.5,1,1,1,1,Cambodia,116,0.463211654,10.033,1450.758466,22.83152245,85.0414573,87.89148536,0.970711297,Buddhists
Cambodia,60+,1,1,1,1,1,1,Cambodia,116,0.360949283,10.033,1450.758466,22.83152245,85.0414573,87.89148536,0.970711297,Buddhists
Cambodia,adults 18+,1.5,2,1,1,1,1,Cambodia,116,,10.033,1450.758466,22.83152245,85.0414573,87.89148536,0.970711297,Buddhists
Cambodia,all,2.666666667,2.25,1.75,1,1,1,Cambodia,116,,10.033,1450.758466,22.83152245,85.0414573,87.89148536,0.970711297,Buddhists
Cambodia,midage 18-59,1.75,2.25,1,1,1,1,Cambodia,116,,10.033,1450.758466,22.83152245,85.0414573,87.89148536,0.970711297,Buddhists
Cameroon,0-17,6.5,6.5,6.25,19.25,19.25,19.25,Cameroon,120,0.50218261,11.6686,1505.613861,17.08617218,47.52106414,84.96344725,0.698206791,Christians
Cameroon,18-34,3.25,3.75,2.75,12,16.5,7.25,Cameroon,120,0.500256023,11.6686,1505.613861,17.08617218,47.52106414,84.96344725,0.698206791,Christians
Cameroon,35-59,4.5,7.25,1.5,14.5,16.75,12.5,Cameroon,120,0.493884508,11.6686,1505.613861,17.08617218,47.52106414,84.96344725,0.698206791,Christians
Cameroon,60+,1.666666667,1,2,11,10.33333333,12.33333333,Cameroon,120,0.425225434,11.6686,1505.613861,17.08617218,47.52106414,84.96344725,0.698206791,Christians
Cameroon,adults 18+,3.75,4.75,2,12.5,15.75,9.5,Cameroon,120,,11.6686,1505.613861,17.08617218,47.52106414,84.96344725,0.698206791,Christians
Cameroon,all,4.75,5.5,4.25,16.25,17.5,14.5,Cameroon,120,,11.6686,1505.613861,17.08617218,47.52106414,84.96344725,0.698206791,Christians
Cameroon,midage 18-59,3.75,5.25,2.25,13,16.5,9,Cameroon,120,,11.6686,1505.613861,17.08617218,47.52106414,84.96344725,0.698206791,Christians
Canada,0-17,11.85714286,12,12,1,1,1,Canada,124,0.511579425,15.741,48181.21022,39.38532238,3.922476914,86.3104243,0.53314121,Christians
Canada,18-34,3.428571429,4.714285714,2.285714286,1,1,1,Canada,124,0.509631121,15.741,48181.21022,39.38532238,3.922476914,86.3104243,0.53314121,Christians
Canada,35-59,3.571428571,5.571428571,1.571428571,1,1,1,Canada,124,0.498752579,15.741,48181.21022,39.38532238,3.922476914,86.3104243,0.53314121,Christians
Canada,60+,1,1,1,1,1,1,Canada,124,0.403950375,15.741,48181.21022,39.38532238,3.922476914,86.3104243,0.53314121,Christians
Canada,adults 18+,2.857142857,4.142857143,1.428571429,1,1,1,Canada,124,,15.741,48181.21022,39.38532238,3.922476914,86.3104243,0.53314121,Christians
Canada,all,4.857142857,5.857142857,3.857142857,1,1,1,Canada,124,,15.741,48181.21022,39.38532238,3.922476914,86.3104243,0.53314121,Christians
Canada,midage 18-59,3.571428571,5.285714286,1.857142857,1,1,1,Canada,124,,15.741,48181.21022,39.38532238,3.922476914,86.3104243,0.53314121,Christians
Central African Republic,0-17,6.75,6.5,7,11.5,12.5,10.75,Central African Republic,140,0.504368153,6.2005,441.1790458,14.81562141,7.48189125,80.58563441,0.906560636,Christians
Central African Republic,18-34,4.666666667,6,2,8,10,5.333333333,Central African Republic,140,0.482534073,6.2005,441.1790458,14.81562141,7.48189125,80.58563441,0.906560636,Christians
Central African Republic,35-59,5,8.666666667,2.666666667,9.333333333,10.66666667,8,Central African Republic,140,0.456979,6.2005,441.1790458,14.81562141,7.48189125,80.58563441,0.906560636,Christians
Central African Republic,60+,2,1.333333333,2.666666667,6.666666667,7.333333333,7,Central African Republic,140,0.376547256,6.2005,441.1790458,14.81562141,7.48189125,80.58563441,0.906560636,Christians
Central African Republic,adults 18+,3.5,5.25,1.75,9,11.5,6.5,Central African Republic,140,,6.2005,441.1790458,14.81562141,7.48189125,80.58563441,0.906560636,Christians
Central African Republic,all,6.666666667,6,5,9.333333333,12,9,Central African Republic,140,,6.2005,441.1790458,14.81562141,7.48189125,80.58563441,0.906560636,Christians
Central African Republic,midage 18-59,3.5,5.25,1.75,9,11.75,6.5,Central African Republic,140,,6.2005,441.1790458,14.81562141,7.48189125,80.58563441,0.906560636,Christians
Chad,0-17,7.25,6.75,7,22.75,22.25,23.5,Chad,148,0.507133083,7.3885,1116.322655,14.63043108,11.26816793,69.81464388,0.56387921,Muslims
Chad,18-34,4.5,5.75,3.25,19.5,24,13.5,Chad,148,0.501202359,7.3885,1116.322655,14.63043108,11.26816793,69.81464388,0.56387921,Muslims
Chad,35-59,5.25,8.75,1.25,20.25,24.75,15.25,Chad,148,0.486842149,7.3885,1116.322655,14.63043108,11.26816793,69.81464388,0.56387921,Muslims
Chad,60+,2,1.666666667,1.666666667,12,10.33333333,13.33333333,Chad,148,0.416429907,7.3885,1116.322655,14.63043108,11.26816793,69.81464388,0.56387921,Muslims
Chad,adults 18+,4.75,6.75,2.5,19.75,23.5,15,Chad,148,,7.3885,1116.322655,14.63043108,11.26816793,69.81464388,0.56387921,Muslims
Chad,all,6.25,6.75,5.25,21.5,22.5,20.25,Chad,148,,7.3885,1116.322655,14.63043108,11.26816793,69.81464388,0.56387921,Muslims
Chad,midage 18-59,4.75,7,2.75,19.75,24.25,14.25,Chad,148,,7.3885,1116.322655,14.63043108,11.26816793,69.81464388,0.56387921,Muslims
China,0-17,3.2,3,3.4,1,1,1,China,156,0.538573432,13.16166667,7462.411796,35.40505296,144.4426336,82.29827396,0.896228201,Religiously_unaffiliated
China,18-34,1,1.4,1,1,1,1,China,156,0.524650749,13.16166667,7462.411796,35.40505296,144.4426336,82.29827396,0.896228201,Religiously_unaffiliated
China,35-59,1.2,1.2,1.2,1,1,1,China,156,0.50472584,13.16166667,7462.411796,35.40505296,144.4426336,82.29827396,0.896228201,Religiously_unaffiliated
China,60+,1,1,1,1,1,1,China,156,0.393130847,13.16166667,7462.411796,35.40505296,144.4426336,82.29827396,0.896228201,Religiously_unaffiliated
China,adults 18+,1,1,1,1,1,1,China,156,,13.16166667,7462.411796,35.40505296,144.4426336,82.29827396,0.896228201,Religiously_unaffiliated
China,all,1.4,1.2,1.2,1,1,1,China,156,,13.16166667,7462.411796,35.40505296,144.4426336,82.29827396,0.896228201,Religiously_unaffiliated
China,midage 18-59,1,1.4,1,1,1,1,China,156,,13.16166667,7462.411796,35.40505296,144.4426336,82.29827396,0.896228201,Religiously_unaffiliated
Comoros,0-17,8,8,8,1,1,1,Comoros,174,0.510360168,11.5575,1476.318183,18.45704387,382.6436802,60.40444227,0.9875,Muslims
Comoros,18-34,5,5,5,1,1,1,Comoros,174,0.490481177,11.5575,1476.318183,18.45704387,382.6436802,60.40444227,0.9875,Muslims
Comoros,35-59,4,7,1,1,1,1,Comoros,174,0.499472916,11.5575,1476.318183,18.45704387,382.6436802,60.40444227,0.9875,Muslims
Comoros,60+,1,2,1,1,1,1,Comoros,174,0.451990011,11.5575,1476.318183,18.45704387,382.6436802,60.40444227,0.9875,Muslims
Comoros,adults 18+,4,6,2,1,1,1,Comoros,174,,11.5575,1476.318183,18.45704387,382.6436802,60.40444227,0.9875,Muslims
Comoros,all,6,7,5,1,1,1,Comoros,174,,11.5575,1476.318183,18.45704387,382.6436802,60.40444227,0.9875,Muslims
Comoros,midage 18-59,5,6,3,1,1,1,Comoros,174,,11.5575,1476.318183,18.45704387,382.6436802,60.40444227,0.9875,Muslims
Costa Rica,0-17,12.33333333,12.66666667,12.33333333,1,1,1,Costa Rica,188,0.511077077,14.609625,10899.66632,29.72511941,93.28682052,63.72913538,0.878727634,Christians
Costa Rica,18-34,6.333333333,8.333333333,4.666666667,1,1,1,Costa Rica,188,0.506236056,14.609625,10899.66632,29.72511941,93.28682052,63.72913538,0.878727634,Christians
Costa Rica,35-59,5,8.666666667,1,1,1,1,Costa Rica,188,0.484420904,14.609625,10899.66632,29.72511941,93.28682052,63.72913538,0.878727634,Christians
Costa Rica,60+,1,1,1,1,1,1,Costa Rica,188,0.405898327,14.609625,10899.66632,29.72511941,93.28682052,63.72913538,0.878727634,Christians
Costa Rica,adults 18+,5,7.333333333,2,1,1,1,Costa Rica,188,,14.609625,10899.66632,29.72511941,93.28682052,63.72913538,0.878727634,Christians
Costa Rica,all,7.333333333,8.666666667,6,1,1,1,Costa Rica,188,,14.609625,10899.66632,29.72511941,93.28682052,63.72913538,0.878727634,Christians
Costa Rica,midage 18-59,6,8.333333333,3,1,1,1,Costa Rica,188,,14.609625,10899.66632,29.72511941,93.28682052,63.72913538,0.878727634,Christians
Croatia,0-17,5.5,4,6,1,1,1,Croatia,191,0.513621233,15.39622222,13858.76247,42.1428309,74.99507518,77.32709177,0.908860759,Christians
Croatia,18-34,1.333333333,2.666666667,1,1,1,1,Croatia,191,0.510809873,15.39622222,13858.76247,42.1428309,74.99507518,77.32709177,0.908860759,Christians
Croatia,35-59,1,1.666666667,1,1,1,1,Croatia,191,0.49733134,15.39622222,13858.76247,42.1428309,74.99507518,77.32709177,0.908860759,Christians
Croatia,60+,1,1,1.333333333,1,1,1,Croatia,191,0.330063625,15.39622222,13858.76247,42.1428309,74.99507518,77.32709177,0.908860759,Christians
Croatia,adults 18+,1,1.333333333,1,1,1,1,Croatia,191,,15.39622222,13858.76247,42.1428309,74.99507518,77.32709177,0.908860759,Christians
Croatia,all,1.666666667,2.333333333,1.333333333,1,1,1,Croatia,191,,15.39622222,13858.76247,42.1428309,74.99507518,77.32709177,0.908860759,Christians
Croatia,midage 18-59,1,2,1,1,1,1,Croatia,191,,15.39622222,13858.76247,42.1428309,74.99507518,77.32709177,0.908860759,Christians
Cyprus,0-17,7.5,7,8,1,1,1,Cyprus,196,0.516216686,14.62222222,28013.76975,34.23192777,129.9546477,83.13959795,0.676923077,Christians
Cyprus,18-34,2,4,1,1,1,1,Cyprus,196,0.52848954,14.62222222,28013.76975,34.23192777,129.9546477,83.13959795,0.676923077,Christians
Cyprus,35-59,2,3,1,1,1,1,Cyprus,196,0.493600703,14.62222222,28013.76975,34.23192777,129.9546477,83.13959795,0.676923077,Christians
Cyprus,60+,1,1,1,1,1,1,Cyprus,196,0.430071185,14.62222222,28013.76975,34.23192777,129.9546477,83.13959795,0.676923077,Christians
Cyprus,adults 18+,1.5,2.5,1,1,1,1,Cyprus,196,,14.62222222,28013.76975,34.23192777,129.9546477,83.13959795,0.676923077,Christians
Cyprus,all,3,3,2,1,1,1,Cyprus,196,,14.62222222,28013.76975,34.23192777,129.9546477,83.13959795,0.676923077,Christians
Cyprus,midage 18-59,2,3,1,1,1,1,Cyprus,196,,14.62222222,28013.76975,34.23192777,129.9546477,83.13959795,0.676923077,Christians
Czech Republic,0-17,4.5,4.5,4,1,1,1,Czechia,203,0.513020177,,,,,,,
Czech Republic,18-34,1,1.333333333,1,1,1,1,Czechia,203,0.514418293,,,,,,,
Czech Republic,35-59,1,1,1,1,1,1,Czechia,203,0.50777818,,,,,,,
Czech Republic,60+,1,1,1,1,1,1,Czechia,203,0.359602409,,,,,,,
Czech Republic,adults 18+,1,1,1,1,1,1,Czechia,203,,,,,,,,
Czech Republic,all,1,1,1,1,1,1,Czechia,203,,,,,,,,
Czech Republic,midage 18-59,1,1,1,1,1,1,Czechia,203,,,,,,,,
Democratic Republic of the Congo,0-17,9,9,9.5,5.5,5.75,5.25,Dem. Rep. of the Congo,180,0.500258082,,,,,,,
Democratic Republic of the Congo,18-34,5.25,8.25,2.75,3.75,4.5,2.5,Dem. Rep. of the Congo,180,0.4980729,,,,,,,
Democratic Republic of the Congo,35-59,5.75,9,3,4,4.75,3,Dem. Rep. of the Congo,180,0.487695913,,,,,,,
Democratic Republic of the Congo,60+,1,1,1,2,1.5,2,Dem. Rep. of the Congo,180,0.406546708,,,,,,,
Democratic Republic of the Congo,adults 18+,5,7.25,3.25,3.75,4.5,2.5,Dem. Rep. of the Congo,180,,,,,,,,
Democratic Republic of the Congo,all,7.5,8.25,6.75,4.5,5.25,4.25,Dem. Rep. of the Congo,180,,,,,,,,
Democratic Republic of the Congo,midage 18-59,5.25,8.5,3,3.75,4.5,2.5,Dem. Rep. of the Congo,180,,,,,,,,
Denmark,0-17,16.66666667,14.66666667,18.66666667,1,1,1,Denmark,208,0.512507644,18.68733333,58744.15107,40.26952728,133.5111599,87.03654749,0.768439108,Christians
Denmark,18-34,3,3.333333333,2.666666667,1,1,1,Denmark,208,0.508719565,18.68733333,58744.15107,40.26952728,133.5111599,87.03654749,0.768439108,Christians
Denmark,35-59,5,7,2.333333333,1,1,1,Denmark,208,0.502744681,18.68733333,58744.15107,40.26952728,133.5111599,87.03654749,0.768439108,Christians
Denmark,60+,1,1,1,1,1,1,Denmark,208,0.398495994,18.68733333,58744.15107,40.26952728,133.5111599,87.03654749,0.768439108,Christians
Denmark,adults 18+,3,4,1.666666667,1,1,1,Denmark,208,,18.68733333,58744.15107,40.26952728,133.5111599,87.03654749,0.768439108,Christians
Denmark,all,5.666666667,6,5.333333333,1,1,1,Denmark,208,,18.68733333,58744.15107,40.26952728,133.5111599,87.03654749,0.768439108,Christians
Denmark,midage 18-59,4,6,2.333333333,1,1,1,Denmark,208,,18.68733333,58744.15107,40.26952728,133.5111599,87.03654749,0.768439108,Christians
Dominican Republic,0-17,14.33333333,14.33333333,14.66666667,1,1,1,Dominican Republic,214,0.509972566,14.218,6578.788166,24.86332409,213.387617,61.94268009,0.776566757,Christians
Dominican Republic,18-34,7.333333333,10.66666667,3.666666667,1,1,1,Dominican Republic,214,0.505455811,14.218,6578.788166,24.86332409,213.387617,61.94268009,0.776566757,Christians
Dominican Republic,35-59,6,9,2.666666667,1,1,1,Dominican Republic,214,0.491508699,14.218,6578.788166,24.86332409,213.387617,61.94268009,0.776566757,Christians
Dominican Republic,60+,1,1,1.333333333,1,1,1,Dominican Republic,214,0.395144703,14.218,6578.788166,24.86332409,213.387617,61.94268009,0.776566757,Christians
Dominican Republic,adults 18+,5.666666667,8.666666667,3,1,1,1,Dominican Republic,214,,14.218,6578.788166,24.86332409,213.387617,61.94268009,0.776566757,Christians
Dominican Republic,all,9,10.66666667,7.333333333,1,1,1,Dominican Republic,214,,14.218,6578.788166,24.86332409,213.387617,61.94268009,0.776566757,Christians
Dominican Republic,midage 18-59,6.333333333,10,3.333333333,1,1,1,Dominican Republic,214,,14.218,6578.788166,24.86332409,213.387617,61.94268009,0.776566757,Christians
Egypt,0-17,3.666666667,3.666666667,4,1,1,1,Egypt,818,0.511897073,,,22.74117279,97.88230023,,0.951701427,Muslims
Egypt,18-34,2.333333333,2.333333333,3,1,1,1,Egypt,818,0.510822702,,,22.74117279,97.88230023,,0.951701427,Muslims
Egypt,35-59,2.333333333,4.666666667,1,1,1,1,Egypt,818,0.504036821,,,22.74117279,97.88230023,,0.951701427,Muslims
Egypt,60+,1,1,1,1,1,1,Egypt,818,0.383291169,,,22.74117279,97.88230023,,0.951701427,Muslims
Egypt,adults 18+,2.333333333,3.333333333,2,1,1,1,Egypt,818,,,,22.74117279,97.88230023,,0.951701427,Muslims
Egypt,all,3.333333333,3.333333333,2.333333333,1,1,1,Egypt,818,,,,22.74117279,97.88230023,,0.951701427,Muslims
Egypt,midage 18-59,2.333333333,3.333333333,2,1,1,1,Egypt,818,,,,22.74117279,97.88230023,,0.951701427,Muslims
El Salvador,0-17,9.666666667,10,9.666666667,1,1,1,El Salvador,222,0.515043274,12.02044444,3668.024385,23.61573318,297.0396959,60.70008065,0.871589085,Christians
El Salvador,18-34,5,6.333333333,3.333333333,1,1,1,El Salvador,222,0.486567914,12.02044444,3668.024385,23.61573318,297.0396959,60.70008065,0.871589085,Christians
El Salvador,35-59,4.333333333,6.333333333,1.333333333,1,1,1,El Salvador,222,0.430310527,12.02044444,3668.024385,23.61573318,297.0396959,60.70008065,0.871589085,Christians
El Salvador,60+,1,1,1,1,1,1,El Salvador,222,0.392390478,12.02044444,3668.024385,23.61573318,297.0396959,60.70008065,0.871589085,Christians
El Salvador,adults 18+,4,5.666666667,2,1,1,1,El Salvador,222,,12.02044444,3668.024385,23.61573318,297.0396959,60.70008065,0.871589085,Christians
El Salvador,all,6.333333333,7,5,1,1,1,El Salvador,222,,12.02044444,3668.024385,23.61573318,297.0396959,60.70008065,0.871589085,Christians
El Salvador,midage 18-59,5,6.333333333,2,1,1,1,El Salvador,222,,12.02044444,3668.024385,23.61573318,297.0396959,60.70008065,0.871589085,Christians
Estonia,0-17,11,11.66666667,10.33333333,1,1,1,Estonia,233,0.514029288,16.23133333,18948.64763,40.26555831,30.3777857,80.96035935,0.526315789,Christians
Estonia,18-34,3,5.333333333,1,1,1,1,Estonia,233,0.515538541,16.23133333,18948.64763,40.26555831,30.3777857,80.96035935,0.526315789,Christians
Estonia,35-59,3.333333333,5.333333333,1.333333333,1,1,1,Estonia,233,0.488767163,16.23133333,18948.64763,40.26555831,30.3777857,80.96035935,0.526315789,Christians
Estonia,60+,1,1,1,1,1,1,Estonia,233,0.294522874,16.23133333,18948.64763,40.26555831,30.3777857,80.96035935,0.526315789,Christians
Estonia,adults 18+,2,3.666666667,1,1,1,1,Estonia,233,,16.23133333,18948.64763,40.26555831,30.3777857,80.96035935,0.526315789,Christians
Estonia,all,4,5,3,1,1,1,Estonia,233,,16.23133333,18948.64763,40.26555831,30.3777857,80.96035935,0.526315789,Christians
Estonia,midage 18-59,3.333333333,5.333333333,1,1,1,1,Estonia,233,,16.23133333,18948.64763,40.26555831,30.3777857,80.96035935,0.526315789,Christians
Ethiopia,0-17,10,9.333333333,10.33333333,1,1,1,Ethiopia,231,0.508918813,8.163,552.3793326,16.75290727,101.3286157,81.90872398,0.615792129,Christians
Ethiopia,18-34,6,6.666666667,5,1,1,1,Ethiopia,231,0.50534568,8.163,552.3793326,16.75290727,101.3286157,81.90872398,0.615792129,Christians
Ethiopia,35-59,7.333333333,12.33333333,1.666666667,1,1,1,Ethiopia,231,0.484336857,8.163,552.3793326,16.75290727,101.3286157,81.90872398,0.615792129,Christians
Ethiopia,60+,1.333333333,1,1.333333333,1,1,1,Ethiopia,231,0.424393115,8.163,552.3793326,16.75290727,101.3286157,81.90872398,0.615792129,Christians
Ethiopia,adults 18+,5.666666667,8,3,1,1,1,Ethiopia,231,,8.163,552.3793326,16.75290727,101.3286157,81.90872398,0.615792129,Christians
Ethiopia,all,8,9,7.333333333,1,1,1,Ethiopia,231,,8.163,552.3793326,16.75290727,101.3286157,81.90872398,0.615792129,Christians
Ethiopia,midage 18-59,6.333333333,9,3.333333333,1,1,1,Ethiopia,231,,8.163,552.3793326,16.75290727,101.3286157,81.90872398,0.615792129,Christians
Finland,0-17,14.66666667,12.66666667,16.33333333,1,1,1,Finland,246,0.511122924,18.58566667,47403.77221,41.40247763,18.02947772,88.14453972,0.723327306,Christians
Finland,18-34,3,4,1.333333333,1,1,1,Finland,246,0.512789493,18.58566667,47403.77221,41.40247763,18.02947772,88.14453972,0.723327306,Christians
Finland,35-59,4.333333333,6.666666667,2,1,1,1,Finland,246,0.505545103,18.58566667,47403.77221,41.40247763,18.02947772,88.14453972,0.723327306,Christians
Finland,60+,1,1,1,1,1,1,Finland,246,0.371573027,18.58566667,47403.77221,41.40247763,18.02947772,88.14453972,0.723327306,Christians
Finland,adults 18+,3,3.666666667,1.333333333,1,1,1,Finland,246,,18.58566667,47403.77221,41.40247763,18.02947772,88.14453972,0.723327306,Christians
Finland,all,5.333333333,5.333333333,4.666666667,1,1,1,Finland,246,,18.58566667,47403.77221,41.40247763,18.02947772,88.14453972,0.723327306,Christians
Finland,midage 18-59,3.666666667,6,1.666666667,1,1,1,Finland,246,,18.58566667,47403.77221,41.40247763,18.02947772,88.14453972,0.723327306,Christians
France,0-17,16.33333333,16.66666667,15.66666667,1,1,1,France,250,0.511615097,15.54566667,40570.82217,40.00006367,117.0995888,83.52358579,0.464572902,Christians
France,18-34,5,7.666666667,2,1,1,1,France,250,0.501445312,15.54566667,40570.82217,40.00006367,117.0995888,83.52358579,0.464572902,Christians
France,35-59,5,7.666666667,2,1,1,1,France,250,0.491767514,15.54566667,40570.82217,40.00006367,117.0995888,83.52358579,0.464572902,Christians
France,60+,1,1,1,1,1,1,France,250,0.379345543,15.54566667,40570.82217,40.00006367,117.0995888,83.52358579,0.464572902,Christians
France,adults 18+,3.5,5.75,1.25,1,1,1,France,250,,15.54566667,40570.82217,40.00006367,117.0995888,83.52358579,0.464572902,Christians
France,all,6,8.25,5,1,1,1,France,250,,15.54566667,40570.82217,40.00006367,117.0995888,83.52358579,0.464572902,Christians
France,midage 18-59,5,8,2,1,1,1,France,250,,15.54566667,40570.82217,40.00006367,117.0995888,83.52358579,0.464572902,Christians
Gabon,0-17,6.5,7,6.5,2.5,2.25,2.5,Gabon,266,0.501485091,,8282.455344,20.94955726,7.654374458,69.77129451,0.836206897,Christians
Gabon,18-34,3.5,4.75,1.75,1.5,2,1.25,Gabon,266,0.516001379,,8282.455344,20.94955726,7.654374458,69.77129451,0.836206897,Christians
Gabon,35-59,3.5,5.5,2.25,2,2.75,1,Gabon,266,0.516040281,,8282.455344,20.94955726,7.654374458,69.77129451,0.836206897,Christians
Gabon,60+,1,1,1,4,5.25,3,Gabon,266,0.442554952,,8282.455344,20.94955726,7.654374458,69.77129451,0.836206897,Christians
Gabon,adults 18+,3,4.5,1.75,1.75,2.75,1.25,Gabon,266,,,8282.455344,20.94955726,7.654374458,69.77129451,0.836206897,Christians
Gabon,all,4.5,5.5,3.75,2,2.5,1.75,Gabon,266,,,8282.455344,20.94955726,7.654374458,69.77129451,0.836206897,Christians
Gabon,midage 18-59,3.25,5,2,1.5,2.25,1.25,Gabon,266,,,8282.455344,20.94955726,7.654374458,69.77129451,0.836206897,Christians
Gambia,0-17,3,3,2.666666667,26.66666667,26,27.33333333,Gambia,270,0.504583992,7.478,,16.77153651,213.7897947,,0.968253968,Muslims
Gambia,18-34,2.333333333,2,2,20.66666667,21.66666667,19.66666667,Gambia,270,0.499974557,7.478,,16.77153651,213.7897947,,0.968253968,Muslims
Gambia,35-59,2.333333333,3,1.333333333,22.66666667,27.33333333,16.33333333,Gambia,270,0.474692027,7.478,,16.77153651,213.7897947,,0.968253968,Muslims
Gambia,60+,1,1,1,29.5,25.5,33.5,Gambia,270,0.443416916,7.478,,16.77153651,213.7897947,,0.968253968,Muslims
Gambia,adults 18+,2,2,1.666666667,21.66666667,23.66666667,19.33333333,Gambia,270,,7.478,,16.77153651,213.7897947,,0.968253968,Muslims
Gambia,all,2.333333333,2.333333333,2.333333333,24,24.66666667,23.33333333,Gambia,270,,7.478,,16.77153651,213.7897947,,0.968253968,Muslims
Gambia,midage 18-59,2.333333333,2,1.666666667,21.33333333,23.66666667,18.33333333,Gambia,270,,7.478,,16.77153651,213.7897947,,0.968253968,Muslims
Germany,0-17,10,10.25,9.5,1,1,1,Germany,276,0.513446287,17.03866667,45584.07831,44.40423663,234.722227,81.56498898,0.562358006,Christians
Germany,18-34,1.75,3,1.25,1,1,1,Germany,276,0.513105444,17.03866667,45584.07831,44.40423663,234.722227,81.56498898,0.562358006,Christians
Germany,35-59,3,5.333333333,1,1,1,1,Germany,276,0.50259504,17.03866667,45584.07831,44.40423663,234.722227,81.56498898,0.562358006,Christians
Germany,60+,1,1,1,1,1,1,Germany,276,0.375220682,17.03866667,45584.07831,44.40423663,234.722227,81.56498898,0.562358006,Christians
Germany,adults 18+,1.75,2.75,1,1,1,1,Germany,276,,17.03866667,45584.07831,44.40423663,234.722227,81.56498898,0.562358006,Christians
Germany,all,3.333333333,3.5,2,1,1,1,Germany,276,,17.03866667,45584.07831,44.40423663,234.722227,81.56498898,0.562358006,Christians
Germany,midage 18-59,2.25,4,1,1,1,1,Germany,276,,17.03866667,45584.07831,44.40423663,234.722227,81.56498898,0.562358006,Christians
Ghana,0-17,11,11.25,11,1,1,1,Ghana,288,0.505786786,10.9545,1822.518744,19.66059744,123.2656937,89.85959741,0.712762622,Christians
Ghana,18-34,5.75,7.75,4,1,1,1,Ghana,288,0.503563223,10.9545,1822.518744,19.66059744,123.2656937,89.85959741,0.712762622,Christians
Ghana,35-59,6.5,10.75,2.75,1,1,1,Ghana,288,0.491975999,10.9545,1822.518744,19.66059744,123.2656937,89.85959741,0.712762622,Christians
Ghana,60+,2,2,2,1,1,1,Ghana,288,0.424814216,10.9545,1822.518744,19.66059744,123.2656937,89.85959741,0.712762622,Christians
Ghana,adults 18+,5.5,7.75,3.5,1,1,1,Ghana,288,,10.9545,1822.518744,19.66059744,123.2656937,89.85959741,0.712762622,Christians
Ghana,all,7.5,9.5,6.25,1,1,1,Ghana,288,,10.9545,1822.518744,19.66059744,123.2656937,89.85959741,0.712762622,Christians
Ghana,midage 18-59,6,8.75,3.75,1,1,1,Ghana,288,,10.9545,1822.518744,19.66059744,123.2656937,89.85959741,0.712762622,Christians
Greece,0-17,7,7,7,1,1,1,Greece,300,0.512240173,17.935625,21248.40213,42.12202866,83.4253185,72.34563188,0.894392523,Christians
Greece,18-34,1,2.333333333,1,1,1,1,Greece,300,0.509087334,17.935625,21248.40213,42.12202866,83.4253185,72.34563188,0.894392523,Christians
Greece,35-59,2,3.666666667,1.333333333,1,1,1,Greece,300,0.488554497,17.935625,21248.40213,42.12202866,83.4253185,72.34563188,0.894392523,Christians
Greece,60+,1,1,1,1,1,1,Greece,300,0.392765083,17.935625,21248.40213,42.12202866,83.4253185,72.34563188,0.894392523,Christians
Greece,adults 18+,1.333333333,2,1,1,1,1,Greece,300,,17.935625,21248.40213,42.12202866,83.4253185,72.34563188,0.894392523,Christians
Greece,all,2.333333333,2.5,2.25,1,1,1,Greece,300,,17.935625,21248.40213,42.12202866,83.4253185,72.34563188,0.894392523,Christians
Greece,midage 18-59,2,3,1,1,1,1,Greece,300,,17.935625,21248.40213,42.12202866,83.4253185,72.34563188,0.894392523,Christians
Guatemala,0-17,11,11,11.33333333,1,1,1,Guatemala,320,0.506292415,10.95666667,3669.528078,19.71987896,146.3071752,48.3697056,0.919354839,Christians
Guatemala,18-34,6,7,3.333333333,1,1,1,Guatemala,320,0.502498872,10.95666667,3669.528078,19.71987896,146.3071752,48.3697056,0.919354839,Christians
Guatemala,35-59,5,9,1,1,1,1,Guatemala,320,0.470035961,10.95666667,3669.528078,19.71987896,146.3071752,48.3697056,0.919354839,Christians
Guatemala,60+,1,1,1.333333333,1,1,1,Guatemala,320,0.429467031,10.95666667,3669.528078,19.71987896,146.3071752,48.3697056,0.919354839,Christians
Guatemala,adults 18+,5,7,2.333333333,1,1,1,Guatemala,320,,10.95666667,3669.528078,19.71987896,146.3071752,48.3697056,0.919354839,Christians
Guatemala,all,7.333333333,9,6.333333333,1,1,1,Guatemala,320,,10.95666667,3669.528078,19.71987896,146.3071752,48.3697056,0.919354839,Christians
Guatemala,midage 18-59,5.333333333,8,2.333333333,1,1,1,Guatemala,320,,10.95666667,3669.528078,19.71987896,146.3071752,48.3697056,0.919354839,Christians
Guinea,0-17,3.5,3.25,3.75,18.75,18.25,19,Guinea,324,0.506861766,8.805333333,748.3457107,16.77302448,46.83280269,74.42670123,0.868362004,Muslims
Guinea,18-34,2.75,2.5,2.5,15.5,18.25,13.25,Guinea,324,0.494057988,8.805333333,748.3457107,16.77302448,46.83280269,74.42670123,0.868362004,Muslims
Guinea,35-59,2.666666667,3.666666667,1,22.66666667,27.66666667,16.66666667,Guinea,324,0.455250734,8.805333333,748.3457107,16.77302448,46.83280269,74.42670123,0.868362004,Muslims
Guinea,60+,1,1,1,23,20.66666667,24.66666667,Guinea,324,0.382201546,8.805333333,748.3457107,16.77302448,46.83280269,74.42670123,0.868362004,Muslims
Guinea,adults 18+,2,2.75,1.75,17.5,20.25,14.75,Guinea,324,,8.805333333,748.3457107,16.77302448,46.83280269,74.42670123,0.868362004,Muslims
Guinea,all,3,3.25,2.75,21.66666667,19,17,Guinea,324,,8.805333333,748.3457107,16.77302448,46.83280269,74.42670123,0.868362004,Muslims
Guinea,midage 18-59,2.75,3.25,1.75,17,20.5,13.25,Guinea,324,,8.805333333,748.3457107,16.77302448,46.83280269,74.42670123,0.868362004,Muslims
Guinea-Bissau,0-17,2.25,2.25,2.25,22.5,22.75,23,Guinea-Bissau,624,0.504945174,,686.4343983,17.48574014,61.95876403,79.24300467,0.562189055,Muslims
Guinea-Bissau,18-34,1.25,1,1.25,19.75,22.25,16.75,Guinea-Bissau,624,0.499734271,,686.4343983,17.48574014,61.95876403,79.24300467,0.562189055,Muslims
Guinea-Bissau,35-59,2,2.25,1.5,20.75,25.5,15.5,Guinea-Bissau,624,0.450534816,,686.4343983,17.48574014,61.95876403,79.24300467,0.562189055,Muslims
Guinea-Bissau,60+,1,1,1.5,19.75,16.75,23,Guinea-Bissau,624,0.422631216,,686.4343983,17.48574014,61.95876403,79.24300467,0.562189055,Muslims
Guinea-Bissau,adults 18+,1.5,1.5,1.25,20,23,16.75,Guinea-Bissau,624,,,686.4343983,17.48574014,61.95876403,79.24300467,0.562189055,Muslims
Guinea-Bissau,all,1.75,2,1.75,21.25,22.75,20,Guinea-Bissau,624,,,686.4343983,17.48574014,61.95876403,79.24300467,0.562189055,Muslims
Guinea-Bissau,midage 18-59,1.5,1.75,1.25,20,23.5,16,Guinea-Bissau,624,,,686.4343983,17.48574014,61.95876403,79.24300467,0.562189055,Muslims
Guyana,0-17,8.8,8.4,9,1,1,1,Guyana,328,0.508358629,11.869,5526.814155,23.66427012,3.854210199,58.23062952,0.654320988,Christians
Guyana,18-34,4,4.75,3.75,1,1,1,Guyana,328,0.49056547,11.869,5526.814155,23.66427012,3.854210199,58.23062952,0.654320988,Christians
Guyana,35-59,4,6.5,1.5,1,1,1,Guyana,328,0.487319527,11.869,5526.814155,23.66427012,3.854210199,58.23062952,0.654320988,Christians
Guyana,60+,1,1,1,1,1,1,Guyana,328,0.400791707,11.869,5526.814155,23.66427012,3.854210199,58.23062952,0.654320988,Christians
Guyana,adults 18+,3.4,5,2.2,1,1,1,Guyana,328,,11.869,5526.814155,23.66427012,3.854210199,58.23062952,0.654320988,Christians
Guyana,all,5.5,5.8,4.4,1,1,1,Guyana,328,,11.869,5526.814155,23.66427012,3.854210199,58.23062952,0.654320988,Christians
Guyana,midage 18-59,3.8,5.6,2.2,1,1,1,Guyana,328,,11.869,5526.814155,23.66427012,3.854210199,58.23062952,0.654320988,Christians
Haiti,0-17,11.33333333,11.33333333,11.33333333,1,1,1,Haiti,332,0.503830319,,1380.259056,21.24605573,376.2615035,87.60870684,0.887900356,Christians
Haiti,18-34,5.333333333,7,4,1,1,1,Haiti,332,0.500717787,,1380.259056,21.24605573,376.2615035,87.60870684,0.887900356,Christians
Haiti,35-59,6.333333333,9.666666667,3,1,1,1,Haiti,332,0.491738414,,1380.259056,21.24605573,376.2615035,87.60870684,0.887900356,Christians
Haiti,60+,1.333333333,1.333333333,2,1,1,1,Haiti,332,0.366728777,,1380.259056,21.24605573,376.2615035,87.60870684,0.887900356,Christians
Haiti,adults 18+,5,7.333333333,3,1,1,1,Haiti,332,,,1380.259056,21.24605573,376.2615035,87.60870684,0.887900356,Christians
Haiti,all,8,8.666666667,7,1,1,1,Haiti,332,,,1380.259056,21.24605573,376.2615035,87.60870684,0.887900356,Christians
Haiti,midage 18-59,6,8.333333333,3.333333333,1,1,1,Haiti,332,,,1380.259056,21.24605573,376.2615035,87.60870684,0.887900356,Christians
Honduras,0-17,8.333333333,8.333333333,9,1,1,1,Honduras,340,0.511783796,9.779857143,2201.136751,20.5998587,83.1005342,54.40112598,0.884387352,Christians
Honduras,18-34,4.333333333,5.333333333,3.333333333,1,1,1,Honduras,340,0.507753731,9.779857143,2201.136751,20.5998587,83.1005342,54.40112598,0.884387352,Christians
Honduras,35-59,5,8,1.333333333,1,1,1,Honduras,340,0.491752994,9.779857143,2201.136751,20.5998587,83.1005342,54.40112598,0.884387352,Christians
Honduras,60+,1,1,1.333333333,1,1,1,Honduras,340,0.403258633,9.779857143,2201.136751,20.5998587,83.1005342,54.40112598,0.884387352,Christians
Honduras,adults 18+,4.333333333,6,2.333333333,1,1,1,Honduras,340,,9.779857143,2201.136751,20.5998587,83.1005342,54.40112598,0.884387352,Christians
Honduras,all,6.333333333,7.333333333,5.333333333,1,1,1,Honduras,340,,9.779857143,2201.136751,20.5998587,83.1005342,54.40112598,0.884387352,Christians
Honduras,midage 18-59,4.666666667,6.666666667,2.333333333,1,1,1,Honduras,340,,9.779857143,2201.136751,20.5998587,83.1005342,54.40112598,0.884387352,Christians
Hungary,0-17,9,7,10,1,1,1,Hungary,348,0.513360157,15.42044444,13975.93922,40.42113074,108.9931607,79.26822666,0.724102564,Christians
Hungary,18-34,1,1.333333333,1,1,1,1,Hungary,348,0.512120538,15.42044444,13975.93922,40.42113074,108.9931607,79.26822666,0.724102564,Christians
Hungary,35-59,2.333333333,4.333333333,1,1,1,1,Hungary,348,0.492579397,15.42044444,13975.93922,40.42113074,108.9931607,79.26822666,0.724102564,Christians
Hungary,60+,1,1,1,1,1,1,Hungary,348,0.33403114,15.42044444,13975.93922,40.42113074,108.9931607,79.26822666,0.724102564,Christians
Hungary,adults 18+,1.333333333,2,1,1,1,1,Hungary,348,,15.42044444,13975.93922,40.42113074,108.9931607,79.26822666,0.724102564,Christians
Hungary,all,2.666666667,3.333333333,2.333333333,1,1,1,Hungary,348,,15.42044444,13975.93922,40.42113074,108.9931607,79.26822666,0.724102564,Christians
Hungary,midage 18-59,1.666666667,3,1,1,1,1,Hungary,348,,15.42044444,13975.93922,40.42113074,108.9931607,79.26822666,0.724102564,Christians
Iceland,0-17,9.666666667,6.666666667,12,1,1,1,Iceland,352,0.510407598,19.06433333,55858.98743,34.71320236,3.294709412,89.86214563,0.72972973,Christians
Iceland,18-34,2.666666667,2.333333333,3.333333333,1,1,1,Iceland,352,0.513613875,19.06433333,55858.98743,34.71320236,3.294709412,89.86214563,0.72972973,Christians
Iceland,35-59,5.333333333,7,3.666666667,1,1,1,Iceland,352,0.504663922,19.06433333,55858.98743,34.71320236,3.294709412,89.86214563,0.72972973,Christians
Iceland,60+,1,1,1,1,1,1,Iceland,352,0.426114161,19.06433333,55858.98743,34.71320236,3.294709412,89.86214563,0.72972973,Christians
Iceland,adults 18+,3,3,3,1,1,1,Iceland,352,,19.06433333,55858.98743,34.71320236,3.294709412,89.86214563,0.72972973,Christians
Iceland,all,4.666666667,4,4.666666667,1,1,1,Iceland,352,,19.06433333,55858.98743,34.71320236,3.294709412,89.86214563,0.72972973,Christians
Iceland,midage 18-59,4.333333333,4.666666667,3.666666667,1,1,1,Iceland,352,,19.06433333,55858.98743,34.71320236,3.294709412,89.86214563,0.72972973,Christians
India,0-17,5,4.833333333,5.166666667,1,1,1,India,356,0.523615669,11.97922222,1601.877436,24.94739943,440.8946836,34.39698494,0.793657584,Hindus
India,18-34,1.833333333,2,1.333333333,1,1,1,India,356,0.522205522,11.97922222,1601.877436,24.94739943,440.8946836,34.39698494,0.793657584,Hindus
India,35-59,1.666666667,2.833333333,1,1,1,1,India,356,0.513171402,11.97922222,1601.877436,24.94739943,440.8946836,34.39698494,0.793657584,Hindus
India,60+,1,1,1,1,1,1,India,356,0.448075871,11.97922222,1601.877436,24.94739943,440.8946836,34.39698494,0.793657584,Hindus
India,adults 18+,1.666666667,1.833333333,1,1,1,1,India,356,,11.97922222,1601.877436,24.94739943,440.8946836,34.39698494,0.793657584,Hindus
India,all,2.833333333,3,2.166666667,1,1,1,India,356,,11.97922222,1601.877436,24.94739943,440.8946836,34.39698494,0.793657584,Hindus
India,midage 18-59,1.833333333,2.5,1,1,1,1,India,356,,11.97922222,1601.877436,24.94739943,440.8946836,34.39698494,0.793657584,Hindus
Indonesia,0-17,4,3.8,4,1,1,1,Indonesia,360,0.513071054,13.36177778,3528.291145,27.60932093,135.2993161,62.17683925,0.869655398,Muslims
Indonesia,18-34,1.8,1.8,1.8,1,1,1,Indonesia,360,0.511187028,13.36177778,3528.291145,27.60932093,135.2993161,62.17683925,0.869655398,Muslims
Indonesia,35-59,1.8,3.4,1,1,1,1,Indonesia,360,0.498516427,13.36177778,3528.291145,27.60932093,135.2993161,62.17683925,0.869655398,Muslims
Indonesia,60+,1,1,1,1,1,1,Indonesia,360,0.395994437,13.36177778,3528.291145,27.60932093,135.2993161,62.17683925,0.869655398,Muslims
Indonesia,adults 18+,1.8,2.4,1.6,1,1,1,Indonesia,360,,13.36177778,3528.291145,27.60932093,135.2993161,62.17683925,0.869655398,Muslims
Indonesia,all,2.4,2.4,2.4,1,1,1,Indonesia,360,,13.36177778,3528.291145,27.60932093,135.2993161,62.17683925,0.869655398,Muslims
Indonesia,midage 18-59,1.8,2.4,1.6,1,1,1,Indonesia,360,,13.36177778,3528.291145,27.60932093,135.2993161,62.17683925,0.869655398,Muslims
Iran,0-17,5,5,4,1,1,1,Iran (Islamic Republic of),364,0.514600677,14.6255,,,,,0.997720018,Muslims
Iran,18-34,2,2,2,1,1,1,Iran (Islamic Republic of),364,0.51107116,14.6255,,,,,0.997720018,Muslims
Iran,35-59,2,4,1,1,1,1,Iran (Islamic Republic of),364,0.510659301,14.6255,,,,,0.997720018,Muslims
Iran,60+,1,1,1,1,1,1,Iran (Islamic Republic of),364,0.426769925,14.6255,,,,,0.997720018,Muslims
Iran,adults 18+,2,3,1,1,1,1,Iran (Islamic Republic of),364,,14.6255,,,,,0.997720018,Muslims
Iran,all,3,3,2,1,1,1,Iran (Islamic Republic of),364,,14.6255,,,,,0.997720018,Muslims
Iran,midage 18-59,2,3,1,1,1,1,Iran (Islamic Republic of),364,,14.6255,,,,,0.997720018,Muslims
Iraq,0-17,1.666666667,1.666666667,1.666666667,2.333333333,2.333333333,1.666666667,Iraq,368,0.512273447,,5421.685817,18.43201131,83.00849813,17.46094681,0.995014245,Muslims
Iraq,18-34,2,1.666666667,2.333333333,1.666666667,1.666666667,1,Iraq,368,0.505063981,,5421.685817,18.43201131,83.00849813,17.46094681,0.995014245,Muslims
Iraq,35-59,1.666666667,2.666666667,1,2.333333333,2.333333333,1.666666667,Iraq,368,0.475933547,,5421.685817,18.43201131,83.00849813,17.46094681,0.995014245,Muslims
Iraq,60+,1,1,1,2,2,2,Iraq,368,0.358298187,,5421.685817,18.43201131,83.00849813,17.46094681,0.995014245,Muslims
Iraq,adults 18+,1.666666667,1.666666667,1,1.666666667,1.666666667,1.666666667,Iraq,368,,,5421.685817,18.43201131,83.00849813,17.46094681,0.995014245,Muslims
Iraq,all,1.666666667,1.666666667,1.666666667,1.666666667,2.333333333,1.666666667,Iraq,368,,,5421.685817,18.43201131,83.00849813,17.46094681,0.995014245,Muslims
Iraq,midage 18-59,1.666666667,1.666666667,1,1.666666667,1.666666667,1.666666667,Iraq,368,,,5421.685817,18.43201131,83.00849813,17.46094681,0.995014245,Muslims
Ireland,0-17,14.33333333,14.66666667,14.33333333,1,1,1,Ireland,372,0.511346014,18.670125,60235.91445,34.95276637,68.5199739,80.07253262,0.813253012,Christians
Ireland,18-34,4,6.666666667,2,1,1,1,Ireland,372,0.49660402,18.670125,60235.91445,34.95276637,68.5199739,80.07253262,0.813253012,Christians
Ireland,35-59,3.666666667,6.666666667,1,1,1,1,Ireland,372,0.497202656,18.670125,60235.91445,34.95276637,68.5199739,80.07253262,0.813253012,Christians
Ireland,60+,1,1,1,1,1,1,Ireland,372,0.404591794,18.670125,60235.91445,34.95276637,68.5199739,80.07253262,0.813253012,Christians
Ireland,adults 18+,2.666666667,5.333333333,1,1,1,1,Ireland,372,,18.670125,60235.91445,34.95276637,68.5199739,80.07253262,0.813253012,Christians
Ireland,all,5.333333333,7.333333333,4.333333333,1,1,1,Ireland,372,,18.670125,60235.91445,34.95276637,68.5199739,80.07253262,0.813253012,Christians
Ireland,midage 18-59,3.666666667,6.333333333,1.666666667,1,1,1,Ireland,372,,18.670125,60235.91445,34.95276637,68.5199739,80.07253262,0.813253012,Christians
Israel,0-17,4.666666667,5.666666667,4,1.333333333,1.333333333,1,Israel,376,0.512586468,15.011,36894.04894,28.66819717,365.5114202,84.08314709,0.770454545,Jews
Israel,18-34,2,2.333333333,1.666666667,1,1,1.333333333,Israel,376,0.506208103,15.011,36894.04894,28.66819717,365.5114202,84.08314709,0.770454545,Jews
Israel,35-59,2.333333333,3.333333333,1,1,1,1,Israel,376,0.490550464,15.011,36894.04894,28.66819717,365.5114202,84.08314709,0.770454545,Jews
Israel,60+,1,1,1,1,1,1,Israel,376,0.423648491,15.011,36894.04894,28.66819717,365.5114202,84.08314709,0.770454545,Jews
Israel,adults 18+,1.666666667,2,1,1,1,1,Israel,376,,15.011,36894.04894,28.66819717,365.5114202,84.08314709,0.770454545,Jews
Israel,all,2.666666667,3,1.666666667,1,1,1,Israel,376,,15.011,36894.04894,28.66819717,365.5114202,84.08314709,0.770454545,Jews
Israel,midage 18-59,1.666666667,2.666666667,1,1,1,1,Israel,376,,15.011,36894.04894,28.66819717,365.5114202,84.08314709,0.770454545,Jews
Italy,0-17,7.666666667,8,8,1,1,1,Italy,380,0.514781269,16.12044444,34517.03688,44.01848181,204.2600773,67.11741248,0.804707061,Christians
Italy,18-34,1,1,1,1,1,1,Italy,380,0.509366322,16.12044444,34517.03688,44.01848181,204.2600773,67.11741248,0.804707061,Christians
Italy,35-59,2,3.333333333,1,1,1,1,Italy,380,0.494394599,16.12044444,34517.03688,44.01848181,204.2600773,67.11741248,0.804707061,Christians
Italy,60+,1,1,1,1,1,1,Italy,380,0.38486332,16.12044444,34517.03688,44.01848181,204.2600773,67.11741248,0.804707061,Christians
Italy,adults 18+,1,2,1,1,1,1,Italy,380,,16.12044444,34517.03688,44.01848181,204.2600773,67.11741248,0.804707061,Christians
Italy,all,2.333333333,3,1.75,1,1,1,Italy,380,,16.12044444,34517.03688,44.01848181,204.2600773,67.11741248,0.804707061,Christians
Italy,midage 18-59,2,2.666666667,1,1,1,1,Italy,380,,16.12044444,34517.03688,44.01848181,204.2600773,67.11741248,0.804707061,Christians
Ivory Coast,0-17,4.75,4.75,5.25,13.5,13.5,13.75,Cte d'Ivoire,384,,,,,,,,
Ivory Coast,18-34,2.75,3.75,1.25,8,10,5.75,Cte d'Ivoire,384,,,,,,,,
Ivory Coast,35-59,3.5,4.5,2.25,11.25,15.5,7.5,Cte d'Ivoire,384,,,,,,,,
Ivory Coast,60+,1.25,1.25,1.25,10.5,9.75,11.75,Cte d'Ivoire,384,,,,,,,,
Ivory Coast,adults 18+,2.75,3.5,1.75,9.75,11.5,7.25,Cte d'Ivoire,384,,,,,,,,
Ivory Coast,all,3.75,4.25,3.5,11.25,12.75,10.25,Cte d'Ivoire,384,,,,,,,,
Ivory Coast,midage 18-59,2.75,3.75,1.75,9.5,12,6.75,Cte d'Ivoire,384,,,,,,,,
Jamaica,0-17,18.33333333,19.33333333,17.66666667,1,1,1,Jamaica,388,0.508725906,13.0915,5154.764474,27.33011781,257.5893813,78.15431134,0.685512367,Christians
Jamaica,18-34,8.666666667,9.666666667,7,1,1,1,Jamaica,388,0.508445173,13.0915,5154.764474,27.33011781,257.5893813,78.15431134,0.685512367,Christians
Jamaica,35-59,8,12.66666667,3.333333333,1,1,1,Jamaica,388,0.479596732,13.0915,5154.764474,27.33011781,257.5893813,78.15431134,0.685512367,Christians
Jamaica,60+,1,1,1,1,1,1,Jamaica,388,0.402517431,13.0915,5154.764474,27.33011781,257.5893813,78.15431134,0.685512367,Christians
Jamaica,adults 18+,6.666666667,9.333333333,4.333333333,1,1,1,Jamaica,388,,13.0915,5154.764474,27.33011781,257.5893813,78.15431134,0.685512367,Christians
Jamaica,all,10.66666667,12.66666667,8.666666667,1,1,1,Jamaica,388,,13.0915,5154.764474,27.33011781,257.5893813,78.15431134,0.685512367,Christians
Jamaica,midage 18-59,8.333333333,11,5.333333333,1,1,1,Jamaica,388,,13.0915,5154.764474,27.33011781,257.5893813,78.15431134,0.685512367,Christians
Japan,0-17,6.666666667,7,6.333333333,1,1,1,Japan,392,0.513548395,15.39616667,41685.42859,45.51234223,338.4527845,70.02506246,0.574584323,Religiously_unaffiliated
Japan,18-34,1.333333333,1.666666667,1,1,1,1,Japan,392,0.509508973,15.39616667,41685.42859,45.51234223,338.4527845,70.02506246,0.574584323,Religiously_unaffiliated
Japan,35-59,2,3,1,1,1,1,Japan,392,0.506753521,15.39616667,41685.42859,45.51234223,338.4527845,70.02506246,0.574584323,Religiously_unaffiliated
Japan,60+,1,1,1,1,1,1,Japan,392,0.38367203,15.39616667,41685.42859,45.51234223,338.4527845,70.02506246,0.574584323,Religiously_unaffiliated
Japan,adults 18+,1,1.25,1.25,1,1,1,Japan,392,,15.39616667,41685.42859,45.51234223,338.4527845,70.02506246,0.574584323,Religiously_unaffiliated
Japan,all,1.666666667,1.75,2,1,1,1,Japan,392,,15.39616667,41685.42859,45.51234223,338.4527845,70.02506246,0.574584323,Religiously_unaffiliated
Japan,midage 18-59,1.666666667,2.666666667,1,1,1,1,Japan,392,,15.39616667,41685.42859,45.51234223,338.4527845,70.02506246,0.574584323,Religiously_unaffiliated
Jordan,0-17,4,4,4,1,1,1,Jordan,400,0.507327099,12.7425,4064.194984,21.43784007,99.35073441,23.45648195,0.970561178,Muslims
Jordan,18-34,3,3,3,1,1,1,Jordan,400,0.518829116,12.7425,4064.194984,21.43784007,99.35073441,23.45648195,0.970561178,Muslims
Jordan,35-59,2,4,1,1,1,1,Jordan,400,0.534647143,12.7425,4064.194984,21.43784007,99.35073441,23.45648195,0.970561178,Muslims
Jordan,60+,1,1,1,1,1,1,Jordan,400,0.423048935,12.7425,4064.194984,21.43784007,99.35073441,23.45648195,0.970561178,Muslims
Jordan,adults 18+,2,3,1,1,1,1,Jordan,400,,12.7425,4064.194984,21.43784007,99.35073441,23.45648195,0.970561178,Muslims
Jordan,all,3,3,2,1,1,1,Jordan,400,,12.7425,4064.194984,21.43784007,99.35073441,23.45648195,0.970561178,Muslims
Jordan,midage 18-59,2,3,2,1,1,1,Jordan,400,,12.7425,4064.194984,21.43784007,99.35073441,23.45648195,0.970561178,Muslims
Kazakhstan,0-17,6.75,6.75,7,1,1,1,Kazakhstan,398,0.512167001,14.42444444,10454.71634,28.10876015,6.610369547,87.17312017,0.77926078,Muslims
Kazakhstan,18-34,2.25,3.5,1.25,1,1,1,Kazakhstan,398,0.497009594,14.42444444,10454.71634,28.10876015,6.610369547,87.17312017,0.77926078,Muslims
Kazakhstan,35-59,2.75,4.75,1,1,1,1,Kazakhstan,398,0.467591479,14.42444444,10454.71634,28.10876015,6.610369547,87.17312017,0.77926078,Muslims
Kazakhstan,60+,1,1,1,1,1,1,Kazakhstan,398,0.289249366,14.42444444,10454.71634,28.10876015,6.610369547,87.17312017,0.77926078,Muslims
Kazakhstan,adults 18+,2,3.5,1,1,1,1,Kazakhstan,398,,14.42444444,10454.71634,28.10876015,6.610369547,87.17312017,0.77926078,Muslims
Kazakhstan,all,3.25,4,2.25,1,1,1,Kazakhstan,398,,14.42444444,10454.71634,28.10876015,6.610369547,87.17312017,0.77926078,Muslims
Kazakhstan,midage 18-59,2.75,4.25,1,1,1,1,Kazakhstan,398,,14.42444444,10454.71634,28.10876015,6.610369547,87.17312017,0.77926078,Muslims
Kenya,0-17,16.25,15.5,16.5,1,1,1,Kenya,404,0.502084645,,1430.394059,17.51232909,79.19497357,91.8816659,0.856568365,Christians
Kenya,18-34,8,11.75,5.25,1,1.25,1,Kenya,404,0.497943541,,1430.394059,17.51232909,79.19497357,91.8816659,0.856568365,Christians
Kenya,35-59,9,16,3,1,1,1,Kenya,404,0.498339203,,1430.394059,17.51232909,79.19497357,91.8816659,0.856568365,Christians
Kenya,60+,1,1.25,1.25,1,1,1,Kenya,404,0.397510787,,1430.394059,17.51232909,79.19497357,91.8816659,0.856568365,Christians
Kenya,adults 18+,7.75,11.75,4,1,1,1,Kenya,404,,,1430.394059,17.51232909,79.19497357,91.8816659,0.856568365,Christians
Kenya,all,12.25,13.5,10.5,1,1,1,Kenya,404,,,1430.394059,17.51232909,79.19497357,91.8816659,0.856568365,Christians
Kenya,midage 18-59,8.75,13.5,4.25,1,1,1,Kenya,404,,,1430.394059,17.51232909,79.19497357,91.8816659,0.856568365,Christians
Kosovo,0-17,2,3,2,1,1,1,Kosovo (under UNSC res. 1244),412,0.508330001,,3690.864845,,,,0.942857143,Muslims
Kosovo,18-34,1,1.666666667,1,1,1,1,Kosovo (under UNSC res. 1244),412,0.502594931,,3690.864845,,,,0.942857143,Muslims
Kosovo,35-59,1,2,1,1,1,1,Kosovo (under UNSC res. 1244),412,0.477433065,,3690.864845,,,,0.942857143,Muslims
Kosovo,60+,1,1,1,1,1,1,Kosovo (under UNSC res. 1244),412,0.391618896,,3690.864845,,,,0.942857143,Muslims
Kosovo,adults 18+,1,1.666666667,1,1,1,1,Kosovo (under UNSC res. 1244),412,,,3690.864845,,,,0.942857143,Muslims
Kosovo,all,1.333333333,2,1,1,1,1,Kosovo (under UNSC res. 1244),412,,,3690.864845,,,,0.942857143,Muslims
Kosovo,midage 18-59,1,2,1,1,1,1,Kosovo (under UNSC res. 1244),412,,,3690.864845,,,,0.942857143,Muslims
Kyrgyzstan,0-17,6,7,5,1,1,1,Kyrgyzstan,417,0.510548266,12.49566667,,23.74705351,30.79055063,,0.917417417,Muslims
Kyrgyzstan,18-34,1.666666667,1.666666667,1,1,1,1,Kyrgyzstan,417,0.49493467,12.49566667,,23.74705351,30.79055063,,0.917417417,Muslims
Kyrgyzstan,35-59,3,5.666666667,1,1,1,1,Kyrgyzstan,417,0.490296863,12.49566667,,23.74705351,30.79055063,,0.917417417,Muslims
Kyrgyzstan,60+,1,1,1,1,1,1,Kyrgyzstan,417,0.366015122,12.49566667,,23.74705351,30.79055063,,0.917417417,Muslims
Kyrgyzstan,adults 18+,1.666666667,3,1,1,1,1,Kyrgyzstan,417,,12.49566667,,23.74705351,30.79055063,,0.917417417,Muslims
Kyrgyzstan,all,3,4,2.333333333,1,1,1,Kyrgyzstan,417,,12.49566667,,23.74705351,30.79055063,,0.917417417,Muslims
Kyrgyzstan,midage 18-59,2.666666667,3.666666667,1,1,1,1,Kyrgyzstan,417,,12.49566667,,23.74705351,30.79055063,,0.917417417,Muslims
Laos,0-17,3,3,3.333333333,1,1,1,Lao People's Dem. Republic,418,0.508390757,,,,,,,
Laos,18-34,2,1.666666667,1.333333333,1,1,1,Lao People's Dem. Republic,418,0.5063637,,,,,,,
Laos,35-59,2,2.666666667,1,1,1,1,Lao People's Dem. Republic,418,0.498565178,,,,,,,
Laos,60+,1,1,1.333333333,1,1,1,Lao People's Dem. Republic,418,0.437025348,,,,,,,
Laos,adults 18+,2,2,1.333333333,1,1,1,Lao People's Dem. Republic,418,,,,,,,,
Laos,all,2,2.333333333,2.333333333,1,1,1,Lao People's Dem. Republic,418,,,,,,,,
Laos,midage 18-59,2,2,1.333333333,1,1,1,Lao People's Dem. Republic,418,,,,,,,,
Lesotho,0-17,7.333333333,8,6.666666667,1,1,1,Lesotho,426,0.501909765,11.4134,1144.04757,20.21640065,68.64644452,76.57200764,0.973214286,Christians
Lesotho,18-34,4.333333333,4,4.333333333,1,1,1,Lesotho,426,0.493174003,11.4134,1144.04757,20.21640065,68.64644452,76.57200764,0.973214286,Christians
Lesotho,35-59,4.666666667,7.666666667,2.333333333,1,1,1,Lesotho,426,0.466048399,11.4134,1144.04757,20.21640065,68.64644452,76.57200764,0.973214286,Christians
Lesotho,60+,1,1,2,1,1,1,Lesotho,426,0.326569192,11.4134,1144.04757,20.21640065,68.64644452,76.57200764,0.973214286,Christians
Lesotho,adults 18+,4,4.333333333,3.333333333,1,1,1,Lesotho,426,,11.4134,1144.04757,20.21640065,68.64644452,76.57200764,0.973214286,Christians
Lesotho,all,5.333333333,5.25,4.25,1,1,1,Lesotho,426,,11.4134,1144.04757,20.21640065,68.64644452,76.57200764,0.973214286,Christians
Lesotho,midage 18-59,4,5.333333333,3,1,1,1,Lesotho,426,,11.4134,1144.04757,20.21640065,68.64644452,76.57200764,0.973214286,Christians
Liberia,0-17,5.5,4.5,6,4,3.5,4.25,Liberia,430,0.505174616,,657.2048727,17.58166415,47.17646445,87.51232621,0.852427184,Christians
Liberia,18-34,3.25,4.25,2.25,2.75,3.5,2.25,Liberia,430,0.49880198,,657.2048727,17.58166415,47.17646445,87.51232621,0.852427184,Christians
Liberia,35-59,3.5,4,2.5,2.75,2.75,2.75,Liberia,430,0.482492449,,657.2048727,17.58166415,47.17646445,87.51232621,0.852427184,Christians
Liberia,60+,1,1,1,2.666666667,3.333333333,2.666666667,Liberia,430,0.486336727,,657.2048727,17.58166415,47.17646445,87.51232621,0.852427184,Christians
Liberia,adults 18+,3,4,2.25,2.5,3,2.25,Liberia,430,,,657.2048727,17.58166415,47.17646445,87.51232621,0.852427184,Christians
Liberia,all,4.25,4.25,4.25,3.25,3.25,3.25,Liberia,430,,,657.2048727,17.58166415,47.17646445,87.51232621,0.852427184,Christians
Liberia,midage 18-59,3.25,4.5,2.25,2.5,3,2.5,Liberia,430,,,657.2048727,17.58166415,47.17646445,87.51232621,0.852427184,Christians
Lithuania,0-17,7,7.5,7,1,1,1,Lithuania,440,0.512725893,16.59211111,15301.47757,41.51850037,46.86550483,83.68481634,0.921428571,Christians
Lithuania,18-34,1.5,2.5,1,1,1,1,Lithuania,440,0.511024214,16.59211111,15301.47757,41.51850037,46.86550483,83.68481634,0.921428571,Christians
Lithuania,35-59,1.666666667,2.333333333,1,1,1,1,Lithuania,440,0.475022,16.59211111,15301.47757,41.51850037,46.86550483,83.68481634,0.921428571,Christians
Lithuania,60+,1,1,1,1,1,1,Lithuania,440,0.306018937,16.59211111,15301.47757,41.51850037,46.86550483,83.68481634,0.921428571,Christians
Lithuania,adults 18+,1,1.666666667,1,1,1,1,Lithuania,440,,16.59211111,15301.47757,41.51850037,46.86550483,83.68481634,0.921428571,Christians
Lithuania,all,1.666666667,2.666666667,1.666666667,1,1,1,Lithuania,440,,16.59211111,15301.47757,41.51850037,46.86550483,83.68481634,0.921428571,Christians
Lithuania,midage 18-59,1.666666667,2.666666667,1,1,1,1,Lithuania,440,,16.59211111,15301.47757,41.51850037,46.86550483,83.68481634,0.921428571,Christians
Madagascar,0-17,9.75,9.75,10,1,1,1,Madagascar,450,0.50557896,10.119,484.6983974,17.31008713,42.61746864,93.98751412,0.742314335,Christians
Madagascar,18-34,6.75,10,3.25,1,1,1,Madagascar,450,0.503237036,10.119,484.6983974,17.31008713,42.61746864,93.98751412,0.742314335,Christians
Madagascar,35-59,6,8.75,2.75,1,1,1,Madagascar,450,0.495289807,10.119,484.6983974,17.31008713,42.61746864,93.98751412,0.742314335,Christians
Madagascar,60+,2.333333333,3,2,1,1,1,Madagascar,450,0.451510295,10.119,484.6983974,17.31008713,42.61746864,93.98751412,0.742314335,Christians
Madagascar,adults 18+,6,8.5,2.75,1,1,1,Madagascar,450,,10.119,484.6983974,17.31008713,42.61746864,93.98751412,0.742314335,Christians
Madagascar,all,7.75,9,6.5,1,1,1,Madagascar,450,,10.119,484.6983974,17.31008713,42.61746864,93.98751412,0.742314335,Christians
Madagascar,midage 18-59,6.25,9.5,3,1,1,1,Madagascar,450,,10.119,484.6983974,17.31008713,42.61746864,93.98751412,0.742314335,Christians
Malawi,0-17,10.25,10.5,10.5,1,1,1,Malawi,454,0.49738403,10.758,561.1325357,15.95502017,176.0295781,87.86602487,0.874039939,Christians
Malawi,18-34,6.5,9.5,3,1,1,1,Malawi,454,0.480873662,10.758,561.1325357,15.95502017,176.0295781,87.86602487,0.874039939,Christians
Malawi,35-59,6,11.5,1,1,1,1,Malawi,454,0.474713392,10.758,561.1325357,15.95502017,176.0295781,87.86602487,0.874039939,Christians
Malawi,60+,1,1,1,1,1,1,Malawi,454,0.383462173,10.758,561.1325357,15.95502017,176.0295781,87.86602487,0.874039939,Christians
Malawi,adults 18+,5.5,8.75,2,1,1,1,Malawi,454,,10.758,561.1325357,15.95502017,176.0295781,87.86602487,0.874039939,Christians
Malawi,all,8.25,9.75,7,1,1,1,Malawi,454,,10.758,561.1325357,15.95502017,176.0295781,87.86602487,0.874039939,Christians
Malawi,midage 18-59,6.5,10.5,2.25,1,1,1,Malawi,454,,10.758,561.1325357,15.95502017,176.0295781,87.86602487,0.874039939,Christians
Maldives,0-17,7,7,8,1,1,1,Maldives,462,0.53514101,,8973.355118,25.87557806,1384.377407,56.5389527,0.94,Muslims
Maldives,18-34,3,3,2,1,1,1,Maldives,462,0.613856943,,8973.355118,25.87557806,1384.377407,56.5389527,0.94,Muslims
Maldives,35-59,4,6,1,1,1,1,Maldives,462,0.570173259,,8973.355118,25.87557806,1384.377407,56.5389527,0.94,Muslims
Maldives,60+,1,1,1,1,1,1,Maldives,462,0.558534555,,8973.355118,25.87557806,1384.377407,56.5389527,0.94,Muslims
Maldives,adults 18+,3,4,1,1,1,1,Maldives,462,,,8973.355118,25.87557806,1384.377407,56.5389527,0.94,Muslims
Maldives,all,4,5,4,1,1,1,Maldives,462,,,8973.355118,25.87557806,1384.377407,56.5389527,0.94,Muslims
Maldives,midage 18-59,3,4,2,1,1,1,Maldives,462,,,8973.355118,25.87557806,1384.377407,56.5389527,0.94,Muslims
Mali,0-17,1.25,1.25,1.25,31,32.25,29.75,Mali,466,0.505927873,7.178571429,902.4298637,15.01056034,14.83289142,74.30226341,0.941501612,Muslims
Mali,18-34,1.333333333,1,1.666666667,25.66666667,26,24.66666667,Mali,466,0.508054798,7.178571429,902.4298637,15.01056034,14.83289142,74.30226341,0.941501612,Muslims
Mali,35-59,1,1.666666667,1,28,34.66666667,21.33333333,Mali,466,0.502703938,7.178571429,902.4298637,15.01056034,14.83289142,74.30226341,0.941501612,Muslims
Mali,60+,1,1,1,34,36,32.5,Mali,466,0.421657382,7.178571429,902.4298637,15.01056034,14.83289142,74.30226341,0.941501612,Muslims
Mali,adults 18+,1.25,1.25,1.25,31.25,35.25,27,Mali,466,,7.178571429,902.4298637,15.01056034,14.83289142,74.30226341,0.941501612,Muslims
Mali,all,1.333333333,1.25,1.25,27.66666667,34,28.5,Mali,466,,7.178571429,902.4298637,15.01056034,14.83289142,74.30226341,0.941501612,Muslims
Mali,midage 18-59,1.333333333,1.333333333,1.333333333,26.66666667,30,23,Mali,466,,7.178571429,902.4298637,15.01056034,14.83289142,74.30226341,0.941501612,Muslims
Mauritania,0-17,14,14,13,3,3,3,Mauritania,478,0.500276238,8.1945,1728.464945,16.7231567,3.740342755,45.04903276,0.991304348,Muslims
Mauritania,18-34,8,9,5,3,3,3,Mauritania,478,0.476582147,8.1945,1728.464945,16.7231567,3.740342755,45.04903276,0.991304348,Muslims
Mauritania,35-59,7,11,1,3,4,2,Mauritania,478,0.476288139,8.1945,1728.464945,16.7231567,3.740342755,45.04903276,0.991304348,Muslims
Mauritania,60+,1,1,1,3,2,4,Mauritania,478,0.456550436,8.1945,1728.464945,16.7231567,3.740342755,45.04903276,0.991304348,Muslims
Mauritania,adults 18+,7,9,3,3,3,3,Mauritania,478,,8.1945,1728.464945,16.7231567,3.740342755,45.04903276,0.991304348,Muslims
Mauritania,all,10,12,9,3,3,3,Mauritania,478,,8.1945,1728.464945,16.7231567,3.740342755,45.04903276,0.991304348,Muslims
Mauritania,midage 18-59,7,10,3,3,3,3,Mauritania,478,,8.1945,1728.464945,16.7231567,3.740342755,45.04903276,0.991304348,Muslims
Mexico,0-17,7.75,7.75,8.25,1,1,1,Mexico,484,0.508236731,14.14422222,10288.76016,25.98834724,60.97072085,55.68308806,0.891719243,Christians
Mexico,18-34,2.8,3.8,2.2,1,1,1,Mexico,484,0.49114895,14.14422222,10288.76016,25.98834724,60.97072085,55.68308806,0.891719243,Christians
Mexico,35-59,3.6,6.4,1,1,1,1,Mexico,484,0.470994323,14.14422222,10288.76016,25.98834724,60.97072085,55.68308806,0.891719243,Christians
Mexico,60+,1,1,1,1,1,1,Mexico,484,0.463434372,14.14422222,10288.76016,25.98834724,60.97072085,55.68308806,0.891719243,Christians
Mexico,adults 18+,2.857142857,4.142857143,1.428571429,1,1,1,Mexico,484,,14.14422222,10288.76016,25.98834724,60.97072085,55.68308806,0.891719243,Christians
Mexico,all,4.4,5,3.428571429,1,1,1,Mexico,484,,14.14422222,10288.76016,25.98834724,60.97072085,55.68308806,0.891719243,Christians
Mexico,midage 18-59,3.166666667,4.5,2,1,1,1,Mexico,484,,14.14422222,10288.76016,25.98834724,60.97072085,55.68308806,0.891719243,Christians
Moldova,0-17,13,13,13,1,1,1,Republic of Moldova,498,0.499685196,14.1836,3137.814223,,,98.86598192,0.993485342,Christians
Moldova,18-34,5,7,2,1,1,1,Republic of Moldova,498,0.491593503,14.1836,3137.814223,,,98.86598192,0.993485342,Christians
Moldova,35-59,3,5,2,1,1,1,Republic of Moldova,498,0.463186461,14.1836,3137.814223,,,98.86598192,0.993485342,Christians
Moldova,60+,1,1,1,1,1,1,Republic of Moldova,498,0.30456188,14.1836,3137.814223,,,98.86598192,0.993485342,Christians
Moldova,adults 18+,3,4,2,1,1,1,Republic of Moldova,498,,14.1836,3137.814223,,,98.86598192,0.993485342,Christians
Moldova,all,5,6,4,1,1,1,Republic of Moldova,498,,14.1836,3137.814223,,,98.86598192,0.993485342,Christians
Moldova,midage 18-59,4,6,2,1,1,1,Republic of Moldova,498,,14.1836,3137.814223,,,98.86598192,0.993485342,Christians
Mongolia,0-17,7.6,7,8.2,1,1,1,Mongolia,496,0.508748383,14.71675,3818.773913,25.41553569,1.876037559,80.6501293,0.510638298,Buddhists
Mongolia,18-34,3.4,3.6,3.8,1,1,1,Mongolia,496,0.505553043,14.71675,3818.773913,25.41553569,1.876037559,80.6501293,0.510638298,Buddhists
Mongolia,35-59,4.8,7.4,1.2,1,1,1,Mongolia,496,0.483499143,14.71675,3818.773913,25.41553569,1.876037559,80.6501293,0.510638298,Buddhists
Mongolia,60+,1,1,1,1,1,1,Mongolia,496,0.35618003,14.71675,3818.773913,25.41553569,1.876037559,80.6501293,0.510638298,Buddhists
Mongolia,adults 18+,3.4,4.8,2.4,1,1,1,Mongolia,496,,14.71675,3818.773913,25.41553569,1.876037559,80.6501293,0.510638298,Buddhists
Mongolia,all,5.2,5.4,4.8,1,1,1,Mongolia,496,,14.71675,3818.773913,25.41553569,1.876037559,80.6501293,0.510638298,Buddhists
Mongolia,midage 18-59,4.2,5.4,2.4,1,1,1,Mongolia,496,,14.71675,3818.773913,25.41553569,1.876037559,80.6501293,0.510638298,Buddhists
Montenegro,0-17,2.666666667,2.333333333,3,1,1,1,Montenegro,499,0.51172958,15.34528571,7241.029352,36.51961587,45.46124143,75.27047932,0.754098361,Christians
Montenegro,18-34,1.666666667,1.666666667,1.333333333,1,1,1,Montenegro,499,0.501933061,15.34528571,7241.029352,36.51961587,45.46124143,75.27047932,0.754098361,Christians
Montenegro,35-59,1.666666667,2.333333333,1,1,1,1,Montenegro,499,0.484358053,15.34528571,7241.029352,36.51961587,45.46124143,75.27047932,0.754098361,Christians
Montenegro,60+,1,1,1,1,1,1,Montenegro,499,0.341275469,15.34528571,7241.029352,36.51961587,45.46124143,75.27047932,0.754098361,Christians
Montenegro,adults 18+,1,1.666666667,1,1,1,1,Montenegro,499,,15.34528571,7241.029352,36.51961587,45.46124143,75.27047932,0.754098361,Christians
Montenegro,all,1.666666667,1.666666667,1.333333333,1,1,1,Montenegro,499,,15.34528571,7241.029352,36.51961587,45.46124143,75.27047932,0.754098361,Christians
Montenegro,midage 18-59,1.666666667,1.666666667,1,1,1,1,Montenegro,499,,15.34528571,7241.029352,36.51961587,45.46124143,75.27047932,0.754098361,Christians
Mozambique,0-17,11.75,11.5,12.5,2.25,2.5,2.25,Mozambique,508,0.500531307,10.19657143,580.4661963,15.84833089,32.90689566,98.87252538,0.613385315,Christians
Mozambique,18-34,6.5,9.25,3.25,1.5,2.5,1.25,Mozambique,508,0.485786107,10.19657143,580.4661963,15.84833089,32.90689566,98.87252538,0.613385315,Christians
Mozambique,35-59,7,11,2,2.5,2.75,2,Mozambique,508,0.428382836,10.19657143,580.4661963,15.84833089,32.90689566,98.87252538,0.613385315,Christians
Mozambique,60+,1.25,1.5,1,1.5,1.25,1.75,Mozambique,508,0.402825139,10.19657143,580.4661963,15.84833089,32.90689566,98.87252538,0.613385315,Christians
Mozambique,adults 18+,6.25,9.25,2.5,2,2.5,1.25,Mozambique,508,,10.19657143,580.4661963,15.84833089,32.90689566,98.87252538,0.613385315,Christians
Mozambique,all,9.25,10.25,8,2.25,2.5,2,Mozambique,508,,10.19657143,580.4661963,15.84833089,32.90689566,98.87252538,0.613385315,Christians
Mozambique,midage 18-59,6.75,10,2.75,2.25,2.5,1.25,Mozambique,508,,10.19657143,580.4661963,15.84833089,32.90689566,98.87252538,0.613385315,Christians
Namibia,0-17,7.333333333,6,7.666666667,1,1,1,Namibia,516,0.498233207,,5282.551401,20.16410453,2.822432962,86.26946482,0.904761905,Christians
Namibia,18-34,2.666666667,3.666666667,1.666666667,1,1,1,Namibia,516,0.491826008,,5282.551401,20.16410453,2.822432962,86.26946482,0.904761905,Christians
Namibia,35-59,5,7.666666667,2,1,1,1,Namibia,516,0.46506711,,5282.551401,20.16410453,2.822432962,86.26946482,0.904761905,Christians
Namibia,60+,1,1,1,1,1,1,Namibia,516,0.311203581,,5282.551401,20.16410453,2.822432962,86.26946482,0.904761905,Christians
Namibia,adults 18+,3,5,1.666666667,1,1,1,Namibia,516,,,5282.551401,20.16410453,2.822432962,86.26946482,0.904761905,Christians
Namibia,all,5,5.333333333,4.333333333,1,1,1,Namibia,516,,,5282.551401,20.16410453,2.822432962,86.26946482,0.904761905,Christians
Namibia,midage 18-59,3.666666667,5.666666667,2,1,1,1,Namibia,516,,,5282.551401,20.16410453,2.822432962,86.26946482,0.904761905,Christians
Nepal,0-17,15.4,14.8,15.8,1,1,1,Nepal,524,0.510890083,12.50042857,861.1119085,21.07577591,188.3348206,47.27124841,0.811874353,Hindus
Nepal,18-34,7,10.6,2.6,1,1.2,1,Nepal,524,0.461899768,12.50042857,861.1119085,21.07577591,188.3348206,47.27124841,0.811874353,Hindus
Nepal,35-59,5,8.6,1,1,1.2,1,Nepal,524,0.477527208,12.50042857,861.1119085,21.07577591,188.3348206,47.27124841,0.811874353,Hindus
Nepal,60+,1.25,1.25,1.25,1,1,1,Nepal,524,0.413082567,12.50042857,861.1119085,21.07577591,188.3348206,47.27124841,0.811874353,Hindus
Nepal,adults 18+,5.4,8.4,1.4,1,1,1,Nepal,524,,12.50042857,861.1119085,21.07577591,188.3348206,47.27124841,0.811874353,Hindus
Nepal,all,9.4,10.8,7.4,1,1,1,Nepal,524,,12.50042857,861.1119085,21.07577591,188.3348206,47.27124841,0.811874353,Hindus
Nepal,midage 18-59,6.4,9.6,1.4,1,1,1,Nepal,524,,12.50042857,861.1119085,21.07577591,188.3348206,47.27124841,0.811874353,Hindus
Netherlands,0-17,15,14.66666667,15,1,1,1,Netherlands,528,0.511816486,17.99757143,50956.89576,40.79585049,506.8107158,84.08254976,0.540816327,Religiously_unaffiliated
Netherlands,18-34,2.666666667,4,1,1,1,1,Netherlands,528,0.506284605,17.99757143,50956.89576,40.79585049,506.8107158,84.08254976,0.540816327,Religiously_unaffiliated
Netherlands,35-59,4,7,2,1,1,1,Netherlands,528,0.500239218,17.99757143,50956.89576,40.79585049,506.8107158,84.08254976,0.540816327,Religiously_unaffiliated
Netherlands,60+,1,1,1,1,1,1,Netherlands,528,0.39043124,17.99757143,50956.89576,40.79585049,506.8107158,84.08254976,0.540816327,Religiously_unaffiliated
Netherlands,adults 18+,2.666666667,3.666666667,1,1,1,1,Netherlands,528,,17.99757143,50956.89576,40.79585049,506.8107158,84.08254976,0.540816327,Religiously_unaffiliated
Netherlands,all,5,6,4,1,1,1,Netherlands,528,,17.99757143,50956.89576,40.79585049,506.8107158,84.08254976,0.540816327,Religiously_unaffiliated
Netherlands,midage 18-59,3.666666667,6,1.333333333,1,1,1,Netherlands,528,,17.99757143,50956.89576,40.79585049,506.8107158,84.08254976,0.540816327,Religiously_unaffiliated
Niger,0-17,7,6,7,31,31,31,Niger,562,0.508500027,5.661333333,524.4277562,14.35016565,15.22297321,73.67357401,0.981028668,Muslims
Niger,18-34,5,7,2,23,28,15,Niger,562,0.511407758,5.661333333,524.4277562,14.35016565,15.22297321,73.67357401,0.981028668,Muslims
Niger,35-59,3,6,1,30,35,24,Niger,562,0.508910411,5.661333333,524.4277562,14.35016565,15.22297321,73.67357401,0.981028668,Muslims
Niger,60+,1,2,1,24,21,26,Niger,562,0.408175784,5.661333333,524.4277562,14.35016565,15.22297321,73.67357401,0.981028668,Muslims
Niger,adults 18+,4,6,1,26,30,21,Niger,562,,5.661333333,524.4277562,14.35016565,15.22297321,73.67357401,0.981028668,Muslims
Niger,all,6,6,5,29,30,27,Niger,562,,5.661333333,524.4277562,14.35016565,15.22297321,73.67357401,0.981028668,Muslims
Niger,midage 18-59,4,6,2,26,31,20,Niger,562,,5.661333333,524.4277562,14.35016565,15.22297321,73.67357401,0.981028668,Muslims
Nigeria,0-17,4.666666667,4.666666667,4.666666667,28,28,28,Nigeria,566,0.507079815,8.3265,2422.860606,16.69754441,204.0371671,90.18627677,0.560654206,Muslims
Nigeria,18-34,3.333333333,3,4,21,24,17.33333333,Nigeria,566,0.506834581,8.3265,2422.860606,16.69754441,204.0371671,90.18627677,0.560654206,Muslims
Nigeria,35-59,4,6,1.333333333,24,29.33333333,18.33333333,Nigeria,566,0.496930774,8.3265,2422.860606,16.69754441,204.0371671,90.18627677,0.560654206,Muslims
Nigeria,60+,1,1.333333333,1,20.66666667,17.66666667,22.66666667,Nigeria,566,0.440277412,8.3265,2422.860606,16.69754441,204.0371671,90.18627677,0.560654206,Muslims
Nigeria,adults 18+,3.333333333,4,2.333333333,22.33333333,25.66666667,18.66666667,Nigeria,566,,8.3265,2422.860606,16.69754441,204.0371671,90.18627677,0.560654206,Muslims
Nigeria,all,3.666666667,3.75,3,25.33333333,27.75,24.25,Nigeria,566,,8.3265,2422.860606,16.69754441,204.0371671,90.18627677,0.560654206,Muslims
Nigeria,midage 18-59,3.333333333,4.333333333,2.333333333,22.33333333,26.66666667,17.66666667,Nigeria,566,,8.3265,2422.860606,16.69754441,204.0371671,90.18627677,0.560654206,Muslims
North Macedonia,0-17,1.666666667,1.666666667,1.666666667,1,1,1,North Macedonia,807,0.515850063,13.59471429,5598.018422,36.3787255,79.97870367,63.32327769,0.647058824,Christians
North Macedonia,18-34,1,1,1,1,1,1,North Macedonia,807,0.507642829,13.59471429,5598.018422,36.3787255,79.97870367,63.32327769,0.647058824,Christians
North Macedonia,35-59,1,1,1,1,1,1,North Macedonia,807,0.49266041,13.59471429,5598.018422,36.3787255,79.97870367,63.32327769,0.647058824,Christians
North Macedonia,60+,1,1,1,1,1,1,North Macedonia,807,0.351528123,13.59471429,5598.018422,36.3787255,79.97870367,63.32327769,0.647058824,Christians
North Macedonia,adults 18+,1,1,1,1,1,1,North Macedonia,807,,13.59471429,5598.018422,36.3787255,79.97870367,63.32327769,0.647058824,Christians
North Macedonia,all,1,1,1,1,1,1,North Macedonia,807,,13.59471429,5598.018422,36.3787255,79.97870367,63.32327769,0.647058824,Christians
North Macedonia,midage 18-59,1,1,1,1,1,1,North Macedonia,807,,13.59471429,5598.018422,36.3787255,79.97870367,63.32327769,0.647058824,Christians
Norway,0-17,13,11.66666667,14,1,1,1,Norway,578,0.512368496,17.75388889,88598.16495,38.0930089,16.83412843,91.18757679,0.713754647,Christians
Norway,18-34,3.666666667,4.333333333,2.666666667,1,1,1,Norway,578,0.512774469,17.75388889,88598.16495,38.0930089,16.83412843,91.18757679,0.713754647,Christians
Norway,35-59,4,5,3.333333333,1,1,1,Norway,578,0.512950248,17.75388889,88598.16495,38.0930089,16.83412843,91.18757679,0.713754647,Christians
Norway,60+,1,1,1,1,1,1,Norway,578,0.400383282,17.75388889,88598.16495,38.0930089,16.83412843,91.18757679,0.713754647,Christians
Norway,adults 18+,3,3.666666667,2.333333333,1,1,1,Norway,578,,17.75388889,88598.16495,38.0930089,16.83412843,91.18757679,0.713754647,Christians
Norway,all,5.333333333,7,4.75,1,1,1,Norway,578,,17.75388889,88598.16495,38.0930089,16.83412843,91.18757679,0.713754647,Christians
Norway,midage 18-59,4,5,3.333333333,1,1,1,Norway,578,,17.75388889,88598.16495,38.0930089,16.83412843,91.18757679,0.713754647,Christians
Pakistan,0-17,6,6,6,1,1,1,Pakistan,586,0.514511587,6.62175,1301.020716,19.16036825,277.2622734,28.73992959,0.965446809,Muslims
Pakistan,18-34,3,3,2,1,1,1,Pakistan,586,0.514199537,6.62175,1301.020716,19.16036825,277.2622734,28.73992959,0.965446809,Muslims
Pakistan,35-59,3,5,1,1,2,1,Pakistan,586,0.507125867,6.62175,1301.020716,19.16036825,277.2622734,28.73992959,0.965446809,Muslims
Pakistan,60+,1,1,1,1,1,1,Pakistan,586,0.473629168,6.62175,1301.020716,19.16036825,277.2622734,28.73992959,0.965446809,Muslims
Pakistan,adults 18+,2,3,1,1,1,1,Pakistan,586,,6.62175,1301.020716,19.16036825,277.2622734,28.73992959,0.965446809,Muslims
Pakistan,all,4,4,3,1,1,1,Pakistan,586,,6.62175,1301.020716,19.16036825,277.2622734,28.73992959,0.965446809,Muslims
Pakistan,midage 18-59,3,4,1,1,1,1,Pakistan,586,,6.62175,1301.020716,19.16036825,277.2622734,28.73992959,0.965446809,Muslims
Palestinian territories,0-17,2,3,2,1,1,1,State of Palestine,275,0.502936471,,,,,,,
Palestinian territories,18-34,2,2,2,1,1,1,State of Palestine,275,0.496903819,,,,,,,
Palestinian territories,35-59,2,3,1,1,1,1,State of Palestine,275,0.487982443,,,,,,,
Palestinian territories,60+,1,1,1,1,1,1,State of Palestine,275,0.405301054,,,,,,,
Palestinian territories,adults 18+,2,2,1,1,1,1,State of Palestine,275,,,,,,,,
Palestinian territories,all,2,2,2,1,1,1,State of Palestine,275,,,,,,,,
Palestinian territories,midage 18-59,2,3,1,1,1,1,State of Palestine,275,,,,,,,,
Panama,0-17,9,8,10,1.333333333,1.333333333,1.333333333,Panama,591,0.511615714,13.00516667,12811.78456,26.9986028,52.50865947,62.57183513,0.911421911,Christians
Panama,18-34,4.333333333,5.666666667,2.666666667,1.333333333,1.333333333,1,Panama,591,0.50710654,13.00516667,12811.78456,26.9986028,52.50865947,62.57183513,0.911421911,Christians
Panama,35-59,3.333333333,6,1,1,1,1,Panama,591,0.496318376,13.00516667,12811.78456,26.9986028,52.50865947,62.57183513,0.911421911,Christians
Panama,60+,1,1,1,1,1,1,Panama,591,0.388790285,13.00516667,12811.78456,26.9986028,52.50865947,62.57183513,0.911421911,Christians
Panama,adults 18+,3.333333333,5,1.666666667,1,1,1,Panama,591,,13.00516667,12811.78456,26.9986028,52.50865947,62.57183513,0.911421911,Christians
Panama,all,5.333333333,6,4.333333333,1,1,1,Panama,591,,13.00516667,12811.78456,26.9986028,52.50865947,62.57183513,0.911421911,Christians
Panama,midage 18-59,4,6.333333333,1.666666667,1,1,1,Panama,591,,13.00516667,12811.78456,26.9986028,52.50865947,62.57183513,0.911421911,Christians
Papua New Guinea,0-17,6,6,6,1,1,1,Papua New Guinea,598,0.523371024,,2435.48965,20.6459857,18.81341511,96.52910224,0.990835031,Christians
Papua New Guinea,18-34,3,3,3,1,1,1,Papua New Guinea,598,0.511255254,,2435.48965,20.6459857,18.81341511,96.52910224,0.990835031,Christians
Papua New Guinea,35-59,3,5,2,1,1,1,Papua New Guinea,598,0.522912745,,2435.48965,20.6459857,18.81341511,96.52910224,0.990835031,Christians
Papua New Guinea,60+,2,2,2,1,1,1,Papua New Guinea,598,0.534693177,,2435.48965,20.6459857,18.81341511,96.52910224,0.990835031,Christians
Papua New Guinea,adults 18+,3,4,2,1,1,1,Papua New Guinea,598,,,2435.48965,20.6459857,18.81341511,96.52910224,0.990835031,Christians
Papua New Guinea,all,4,3,3,1,1,1,Papua New Guinea,598,,,2435.48965,20.6459857,18.81341511,96.52910224,0.990835031,Christians
Papua New Guinea,midage 18-59,3,4,3,1,1,1,Papua New Guinea,598,,,2435.48965,20.6459857,18.81341511,96.52910224,0.990835031,Christians
Paraguay,0-17,7,7.666666667,6.666666667,1,1,1,Paraguay,600,0.511126533,13.7255,5927.965223,23.56060525,15.02022641,68.342131,0.936363636,Christians
Paraguay,18-34,3,4.333333333,2.666666667,1,1,1,Paraguay,600,0.508126933,13.7255,5927.965223,23.56060525,15.02022641,68.342131,0.936363636,Christians
Paraguay,35-59,3,5,1,1,1,1,Paraguay,600,0.497968245,13.7255,5927.965223,23.56060525,15.02022641,68.342131,0.936363636,Christians
Paraguay,60+,1,1,1,1,1,1,Paraguay,600,0.41178171,13.7255,5927.965223,23.56060525,15.02022641,68.342131,0.936363636,Christians
Paraguay,adults 18+,2.666666667,3.666666667,1.666666667,1,1,1,Paraguay,600,,13.7255,5927.965223,23.56060525,15.02022641,68.342131,0.936363636,Christians
Paraguay,all,4.666666667,5,3.666666667,1,1,1,Paraguay,600,,13.7255,5927.965223,23.56060525,15.02022641,68.342131,0.936363636,Christians
Paraguay,midage 18-59,3.333333333,4.666666667,1.666666667,1,1,1,Paraguay,600,,13.7255,5927.965223,23.56060525,15.02022641,68.342131,0.936363636,Christians
Peru,0-17,9,8,9,1,1,1,Peru,604,0.506724631,14.641,6336.687936,26.64644402,23.64602669,81.98309055,0.944884287,Christians
Peru,18-34,4,5,3,1,1,1,Peru,604,0.496832999,14.641,6336.687936,26.64644402,23.64602669,81.98309055,0.944884287,Christians
Peru,35-59,5,8,2,1,1,1,Peru,604,0.501426196,14.641,6336.687936,26.64644402,23.64602669,81.98309055,0.944884287,Christians
Peru,60+,1,1,1,1,1,1,Peru,604,0.452153368,14.641,6336.687936,26.64644402,23.64602669,81.98309055,0.944884287,Christians
Peru,adults 18+,4,5,2,1,1,1,Peru,604,,14.641,6336.687936,26.64644402,23.64602669,81.98309055,0.944884287,Christians
Peru,all,5,6,4,1,1,1,Peru,604,,14.641,6336.687936,26.64644402,23.64602669,81.98309055,0.944884287,Christians
Peru,midage 18-59,4,6,2,1,1,1,Peru,604,,14.641,6336.687936,26.64644402,23.64602669,81.98309055,0.944884287,Christians
Philippines,0-17,4.333333333,3.833333333,5.166666667,1,1,1,Philippines,608,0.515665956,12.6628,2767.916909,21.99281362,344.5327439,63.96101332,0.914614561,Christians
Philippines,18-34,3,2.5,3.166666667,1,1,1,Philippines,608,0.510183928,12.6628,2767.916909,21.99281362,344.5327439,63.96101332,0.914614561,Christians
Philippines,35-59,3,4.333333333,1.833333333,1,1,1,Philippines,608,0.488567573,12.6628,2767.916909,21.99281362,344.5327439,63.96101332,0.914614561,Christians
Philippines,60+,1.166666667,1.166666667,1.5,1,1,1,Philippines,608,0.337643863,12.6628,2767.916909,21.99281362,344.5327439,63.96101332,0.914614561,Christians
Philippines,adults 18+,2.5,3,2,1,1,1,Philippines,608,,12.6628,2767.916909,21.99281362,344.5327439,63.96101332,0.914614561,Christians
Philippines,all,3.333333333,3.5,3.166666667,1,1,1,Philippines,608,,12.6628,2767.916909,21.99281362,344.5327439,63.96101332,0.914614561,Christians
Philippines,midage 18-59,3,3.333333333,2.333333333,1,1,1,Philippines,608,,12.6628,2767.916909,21.99281362,344.5327439,63.96101332,0.914614561,Christians
Poland,0-17,5,5.5,4.5,1,1,1,Poland,616,0.512584058,16.10588889,13564.45472,38.03451122,124.8670396,75.08804519,0.911972753,Christians
Poland,18-34,2,3,1,1,1,1,Poland,616,0.510074349,16.10588889,13564.45472,38.03451122,124.8670396,75.08804519,0.911972753,Christians
Poland,35-59,1.333333333,1.666666667,1.666666667,1,1,1,Poland,616,0.497630632,16.10588889,13564.45472,38.03451122,124.8670396,75.08804519,0.911972753,Christians
Poland,60+,1,1,1,1,1,1,Poland,616,0.344337066,16.10588889,13564.45472,38.03451122,124.8670396,75.08804519,0.911972753,Christians
Poland,adults 18+,1,1.666666667,1.333333333,1,1,1,Poland,616,,16.10588889,13564.45472,38.03451122,124.8670396,75.08804519,0.911972753,Christians
Poland,all,2.333333333,2.333333333,1.666666667,1,1,1,Poland,616,,16.10588889,13564.45472,38.03451122,124.8670396,75.08804519,0.911972753,Christians
Poland,midage 18-59,1.666666667,2.333333333,1.333333333,1,1,1,Poland,616,,16.10588889,13564.45472,38.03451122,124.8670396,75.08804519,0.911972753,Christians
Portugal,0-17,10.75,11,10.25,1,1,1,Portugal,620,0.512239149,16.32266667,21596.51807,42.32688254,113.4076142,83.26917214,0.850530376,Christians
Portugal,18-34,2.75,4,1.75,1,1,1,Portugal,620,0.50076655,16.32266667,21596.51807,42.32688254,113.4076142,83.26917214,0.850530376,Christians
Portugal,35-59,3.25,6.75,1,1,1,1,Portugal,620,0.47998492,16.32266667,21596.51807,42.32688254,113.4076142,83.26917214,0.850530376,Christians
Portugal,60+,1,1,1,1,1,1,Portugal,620,0.378759612,16.32266667,21596.51807,42.32688254,113.4076142,83.26917214,0.850530376,Christians
Portugal,adults 18+,2.4,4.2,1.2,1,1,1,Portugal,620,,16.32266667,21596.51807,42.32688254,113.4076142,83.26917214,0.850530376,Christians
Portugal,all,4,5.4,3.6,1,1,1,Portugal,620,,16.32266667,21596.51807,42.32688254,113.4076142,83.26917214,0.850530376,Christians
Portugal,midage 18-59,3,5.25,1.25,1,1,1,Portugal,620,,16.32266667,21596.51807,42.32688254,113.4076142,83.26917214,0.850530376,Christians
Puerto Rico,0-17,25,26,24,1,1,1,Puerto Rico,630,0.512679874,16.73925,,39.29600877,407.4866288,65.9235839,0.887195122,Christians
Puerto Rico,18-34,10,15,5,1,1,1,Puerto Rico,630,0.494141683,16.73925,,39.29600877,407.4866288,65.9235839,0.887195122,Christians
Puerto Rico,35-59,6,10,1,1,1,1,Puerto Rico,630,0.46996656,16.73925,,39.29600877,407.4866288,65.9235839,0.887195122,Christians
Puerto Rico,60+,1,1,1,1,1,1,Puerto Rico,630,0.410854896,16.73925,,39.29600877,407.4866288,65.9235839,0.887195122,Christians
Puerto Rico,adults 18+,6,9,2,1,1,1,Puerto Rico,630,,16.73925,,39.29600877,407.4866288,65.9235839,0.887195122,Christians
Puerto Rico,all,10,13,8,1,1,1,Puerto Rico,630,,16.73925,,39.29600877,407.4866288,65.9235839,0.887195122,Christians
Puerto Rico,midage 18-59,8,12,3,1,1,1,Puerto Rico,630,,16.73925,,39.29600877,407.4866288,65.9235839,0.887195122,Christians
Republic of the Congo,0-17,6,5.25,6.5,3,3,3,Congo,178,0.503166557,,,,,,,
Republic of the Congo,18-34,3,4,2,1.5,2,1.25,Congo,178,0.501633746,,,,,,,
Republic of the Congo,35-59,4,6.5,2,2.25,4.25,1.25,Congo,178,0.496160411,,,,,,,
Republic of the Congo,60+,1,1.333333333,1,4.333333333,4,4.333333333,Congo,178,0.431805308,,,,,,,
Republic of the Congo,adults 18+,3.25,4.5,2,2,3,1.25,Congo,178,,,,,,,,
Republic of the Congo,all,4.25,4.5,4,2.5,3,1.75,Congo,178,,,,,,,,
Republic of the Congo,midage 18-59,3.5,4.75,2.25,1.75,3,1.25,Congo,178,,,,,,,,
Romania,0-17,6.5,6.25,6.25,1,1,1,Romania,642,0.508782647,14.84242857,9781.268218,39.87653008,86.85027556,70.63322807,0.985559567,Christians
Romania,18-34,1.75,2.75,1,1,1,1,Romania,642,0.511318675,14.84242857,9781.268218,39.87653008,86.85027556,70.63322807,0.985559567,Christians
Romania,35-59,1.5,2.25,1,1,1,1,Romania,642,0.495696578,14.84242857,9781.268218,39.87653008,86.85027556,70.63322807,0.985559567,Christians
Romania,60+,1,1,1,1,1,1,Romania,642,0.383189218,14.84242857,9781.268218,39.87653008,86.85027556,70.63322807,0.985559567,Christians
Romania,adults 18+,1.2,1.8,1,1,1,1,Romania,642,,14.84242857,9781.268218,39.87653008,86.85027556,70.63322807,0.985559567,Christians
Romania,all,2.2,2.4,1.8,1,1,1,Romania,642,,14.84242857,9781.268218,39.87653008,86.85027556,70.63322807,0.985559567,Christians
Romania,midage 18-59,2,2.6,1.4,1,1,1,Romania,642,,14.84242857,9781.268218,39.87653008,86.85027556,70.63322807,0.985559567,Christians
Russia,0-17,19,16.66666667,21.33333333,1,1,1,Russian Federation,643,0.512583652,,,,,,,
Russia,18-34,2.666666667,4.666666667,1,1,1,1,Russian Federation,643,0.505583926,,,,,,,
Russia,35-59,6,10.5,1.25,1,1,1,Russian Federation,643,0.470549526,,,,,,,
Russia,60+,1,1,1,1,1,1,Russian Federation,643,0.277194759,,,,,,,
Russia,adults 18+,4,6.5,1,1,1,1,Russian Federation,643,,,,,,,,
Russia,all,6.75,8.25,5,1,1,1,Russian Federation,643,,,,,,,,
Russia,midage 18-59,4.75,8.25,1,1,1,1,Russian Federation,643,,,,,,,,
Rwanda,0-17,15.5,15.5,15.5,1,1,1,Rwanda,646,0.499489697,11.411,708.3388734,18.07077624,470.0929184,80.37739716,0.970160673,Christians
Rwanda,18-34,8.25,11,6.5,1,1,1,Rwanda,646,0.48994242,11.411,708.3388734,18.07077624,470.0929184,80.37739716,0.970160673,Christians
Rwanda,35-59,10.5,21.25,2.5,1,1,1,Rwanda,646,0.455192197,11.411,708.3388734,18.07077624,470.0929184,80.37739716,0.970160673,Christians
Rwanda,60+,2,2,1.75,1,1,1,Rwanda,646,0.38899789,11.411,708.3388734,18.07077624,470.0929184,80.37739716,0.970160673,Christians
Rwanda,adults 18+,8,13,5.25,1,1,1,Rwanda,646,,11.411,708.3388734,18.07077624,470.0929184,80.37739716,0.970160673,Christians
Rwanda,all,11.25,14.25,9,1,1,1,Rwanda,646,,11.411,708.3388734,18.07077624,470.0929184,80.37739716,0.970160673,Christians
Rwanda,midage 18-59,9,14.75,5.25,1,1,1,Rwanda,646,,11.411,708.3388734,18.07077624,470.0929184,80.37739716,0.970160673,Christians
Sao Tome and Principe,0-17,19,19,19.33333333,1,1,1,Sao Tome and Principe,678,0.501469521,11.19725,1384.714487,17.89865573,204.6229167,90.82249196,0.818181818,Christians
Sao Tome and Principe,18-34,11.66666667,17,6,1,1,1,Sao Tome and Principe,678,0.499454366,11.19725,1384.714487,17.89865573,204.6229167,90.82249196,0.818181818,Christians
Sao Tome and Principe,35-59,11,17.66666667,3.666666667,1,1.333333333,1,Sao Tome and Principe,678,0.497545097,11.19725,1384.714487,17.89865573,204.6229167,90.82249196,0.818181818,Christians
Sao Tome and Principe,60+,1,1,1.5,1,1,1,Sao Tome and Principe,678,0.407007942,11.19725,1384.714487,17.89865573,204.6229167,90.82249196,0.818181818,Christians
Sao Tome and Principe,adults 18+,10,15,5,1,1,1,Sao Tome and Principe,678,,11.19725,1384.714487,17.89865573,204.6229167,90.82249196,0.818181818,Christians
Sao Tome and Principe,all,14.66666667,17,12,1,1,1,Sao Tome and Principe,678,,11.19725,1384.714487,17.89865573,204.6229167,90.82249196,0.818181818,Christians
Sao Tome and Principe,midage 18-59,11.33333333,17,5,1,1,1,Sao Tome and Principe,678,,11.19725,1384.714487,17.89865573,204.6229167,90.82249196,0.818181818,Christians
Senegal,0-17,2.666666667,2.333333333,3.666666667,19,19.33333333,18.66666667,Senegal,686,0.508265699,8.932833333,1338.880871,17.56560169,73.74614346,58.10213102,0.975580703,Muslims
Senegal,18-34,1.333333333,1,1.666666667,16.66666667,18,15,Senegal,686,0.497111599,8.932833333,1338.880871,17.56560169,73.74614346,58.10213102,0.975580703,Muslims
Senegal,35-59,2.666666667,3.666666667,1,15.66666667,18.66666667,11.66666667,Senegal,686,0.485138094,8.932833333,1338.880871,17.56560169,73.74614346,58.10213102,0.975580703,Muslims
Senegal,60+,1,1,1,15.66666667,14,17.33333333,Senegal,686,0.429009064,8.932833333,1338.880871,17.56560169,73.74614346,58.10213102,0.975580703,Muslims
Senegal,adults 18+,1.333333333,2.333333333,1.333333333,16.33333333,17.66666667,14.33333333,Senegal,686,,8.932833333,1338.880871,17.56560169,73.74614346,58.10213102,0.975580703,Muslims
Senegal,all,2.333333333,2,2,17.66666667,14,12.5,Senegal,686,,8.932833333,1338.880871,17.56560169,73.74614346,58.10213102,0.975580703,Muslims
Senegal,midage 18-59,2.333333333,2.333333333,1.666666667,16,18.33333333,13.66666667,Senegal,686,,8.932833333,1338.880871,17.56560169,73.74614346,58.10213102,0.975580703,Muslims
Serbia,0-17,4,3.333333333,4,1,1,1,Serbia,688,0.503165552,14.53,6572.659989,42.02431772,94.09691743,72.35405326,0.914616498,Christians
Serbia,18-34,1,1,1,1,1,1,Serbia,688,0.499127214,14.53,6572.659989,42.02431772,94.09691743,72.35405326,0.914616498,Christians
Serbia,35-59,1.333333333,3,1,1,1,1,Serbia,688,0.484113713,14.53,6572.659989,42.02431772,94.09691743,72.35405326,0.914616498,Christians
Serbia,60+,1,1,1,1,1,1,Serbia,688,0.366460379,14.53,6572.659989,42.02431772,94.09691743,72.35405326,0.914616498,Christians
Serbia,adults 18+,1,1.25,1,1,1,1,Serbia,688,,14.53,6572.659989,42.02431772,94.09691743,72.35405326,0.914616498,Christians
Serbia,all,1.333333333,1.5,1.25,1,1,1,Serbia,688,,14.53,6572.659989,42.02431772,94.09691743,72.35405326,0.914616498,Christians
Serbia,midage 18-59,1,1.75,1,1,1,1,Serbia,688,,14.53,6572.659989,42.02431772,94.09691743,72.35405326,0.914616498,Christians
Sierra Leone,0-17,8.333333333,8.333333333,8,5.333333333,5,5.333333333,Sierra Leone,694,0.50365569,,894.7793206,17.57624825,95.91476473,96.10518113,0.801517067,Muslims
Sierra Leone,18-34,4.333333333,5.333333333,3,4.333333333,5.333333333,2.666666667,Sierra Leone,694,0.500721014,,894.7793206,17.57624825,95.91476473,96.10518113,0.801517067,Muslims
Sierra Leone,35-59,5,8,2,5.333333333,6,4.333333333,Sierra Leone,694,0.486023262,,894.7793206,17.57624825,95.91476473,96.10518113,0.801517067,Muslims
Sierra Leone,60+,1,1,1,4.666666667,4.333333333,4.666666667,Sierra Leone,694,0.416400654,,894.7793206,17.57624825,95.91476473,96.10518113,0.801517067,Muslims
Sierra Leone,adults 18+,4.333333333,5.666666667,3,4.333333333,5.333333333,3.666666667,Sierra Leone,694,,,894.7793206,17.57624825,95.91476473,96.10518113,0.801517067,Muslims
Sierra Leone,all,6.333333333,7,5.333333333,5,5.333333333,4.333333333,Sierra Leone,694,,,894.7793206,17.57624825,95.91476473,96.10518113,0.801517067,Muslims
Sierra Leone,midage 18-59,5,6.333333333,3,4.333333333,5.333333333,3.666666667,Sierra Leone,694,,,894.7793206,17.57624825,95.91476473,96.10518113,0.801517067,Muslims
Slovakia,0-17,6,6,6,1,1,1,Slovakia,703,0.513076672,,,37.76896673,110.4629127,,0.736263736,Christians
Slovakia,18-34,2.333333333,3.333333333,1.666666667,1,1,1,Slovakia,703,0.511655251,,,37.76896673,110.4629127,,0.736263736,Christians
Slovakia,35-59,1.333333333,2.333333333,1,1,1,1,Slovakia,703,0.500609941,,,37.76896673,110.4629127,,0.736263736,Christians
Slovakia,60+,1,1,1,1,1,1,Slovakia,703,0.343812214,,,37.76896673,110.4629127,,0.736263736,Christians
Slovakia,adults 18+,1.333333333,2.333333333,1,1,1,1,Slovakia,703,,,,37.76896673,110.4629127,,0.736263736,Christians
Slovakia,all,2.333333333,3,1.666666667,1,1,1,Slovakia,703,,,,37.76896673,110.4629127,,0.736263736,Christians
Slovakia,midage 18-59,2,2.666666667,1.333333333,1,1,1,Slovakia,703,,,,37.76896673,110.4629127,,0.736263736,Christians
Slovenia,0-17,4.333333333,5,4,1,1,1,Slovenia,705,0.514515765,17.29355556,23255.43158,41.65407548,102.1550717,82.71250874,0.657142857,Christians
Slovenia,18-34,1.666666667,2.666666667,1,1,1,1,Slovenia,705,0.519495425,17.29355556,23255.43158,41.65407548,102.1550717,82.71250874,0.657142857,Christians
Slovenia,35-59,1.333333333,2,1,1,1,1,Slovenia,705,0.513962538,17.29355556,23255.43158,41.65407548,102.1550717,82.71250874,0.657142857,Christians
Slovenia,60+,1,1,1,1,1,1,Slovenia,705,0.35030466,17.29355556,23255.43158,41.65407548,102.1550717,82.71250874,0.657142857,Christians
Slovenia,adults 18+,1,1.333333333,1,1,1,1,Slovenia,705,,17.29355556,23255.43158,41.65407548,102.1550717,82.71250874,0.657142857,Christians
Slovenia,all,1.666666667,2,1.333333333,1,1,1,Slovenia,705,,17.29355556,23255.43158,41.65407548,102.1550717,82.71250874,0.657142857,Christians
Slovenia,midage 18-59,1.333333333,2,1,1,1,1,Slovenia,705,,17.29355556,23255.43158,41.65407548,102.1550717,82.71250874,0.657142857,Christians
Somalia,0-17,12,13,12,1,1,1,Somalia,706,0.507230385,,394.9553369,14.92361312,21.5735667,43.76022304,0.998198198,Muslims
Somalia,18-34,8,9,8,1,1,1,Somalia,706,0.503017477,,394.9553369,14.92361312,21.5735667,43.76022304,0.998198198,Muslims
Somalia,35-59,8,14,1,1,1,1,Somalia,706,0.484944802,,394.9553369,14.92361312,21.5735667,43.76022304,0.998198198,Muslims
Somalia,60+,2,2,1,1,1,1,Somalia,706,0.405482121,,394.9553369,14.92361312,21.5735667,43.76022304,0.998198198,Muslims
Somalia,adults 18+,8,10,4,1,1,1,Somalia,706,,,394.9553369,14.92361312,21.5735667,43.76022304,0.998198198,Muslims
Somalia,all,10,12,9,1,1,1,Somalia,706,,,394.9553369,14.92361312,21.5735667,43.76022304,0.998198198,Muslims
Somalia,midage 18-59,8,11,5,1,1,1,Somalia,706,,,394.9553369,14.92361312,21.5735667,43.76022304,0.998198198,Muslims
South Africa,0-17,8.5,9,8.25,1,1,1,South Africa,710,0.507679471,13.87125,7131.209255,25.02678218,45.47303973,78.15876112,0.852542933,Christians
South Africa,18-34,3.2,4,2.6,1,1.2,1,South Africa,710,0.505353467,13.87125,7131.209255,25.02678218,45.47303973,78.15876112,0.852542933,Christians
South Africa,35-59,3.4,6,1.6,1,1,1.2,South Africa,710,0.448195165,13.87125,7131.209255,25.02678218,45.47303973,78.15876112,0.852542933,Christians
South Africa,60+,1,1,1,1,1,1,South Africa,710,0.359765366,13.87125,7131.209255,25.02678218,45.47303973,78.15876112,0.852542933,Christians
South Africa,adults 18+,3,4,1.8,1,1,1,South Africa,710,,13.87125,7131.209255,25.02678218,45.47303973,78.15876112,0.852542933,Christians
South Africa,all,4.4,5.2,3.4,1,1,1,South Africa,710,,13.87125,7131.209255,25.02678218,45.47303973,78.15876112,0.852542933,Christians
South Africa,midage 18-59,3.2,4.6,2.2,1,1,1,South Africa,710,,13.87125,7131.209255,25.02678218,45.47303973,78.15876112,0.852542933,Christians
South Korea,0-17,3.75,2.75,4.25,1,1,1,Republic of Korea,410,0.519602691,,,,,,,
South Korea,18-34,1,1.25,1,1,1,1,Republic of Korea,410,0.528354406,,,,,,,
South Korea,35-59,1,2.25,1,1,1,1,Republic of Korea,410,0.508036725,,,,,,,
South Korea,60+,1,1,1,1,1,1,Republic of Korea,410,0.345332561,,,,,,,
South Korea,adults 18+,1,1.25,1,1,1,1,Republic of Korea,410,,,,,,,,
South Korea,all,1,1.5,1,1,1,1,Republic of Korea,410,,,,,,,,
South Korea,midage 18-59,1,1.75,1,1,1,1,Republic of Korea,410,,,,,,,,
Spain,0-17,8.666666667,6.666666667,10.66666667,1,1,1,Spain,724,0.514869198,17.15944444,29066.47018,41.06751948,93.29748577,80.20726673,0.694630872,Christians
Spain,18-34,1.333333333,1.333333333,1,1,1,1,Spain,724,0.509486146,17.15944444,29066.47018,41.06751948,93.29748577,80.20726673,0.694630872,Christians
Spain,35-59,3,3.333333333,2,1,1,1,Spain,724,0.504076726,17.15944444,29066.47018,41.06751948,93.29748577,80.20726673,0.694630872,Christians
Spain,60+,1,1,1,1,1,1,Spain,724,0.39069545,17.15944444,29066.47018,41.06751948,93.29748577,80.20726673,0.694630872,Christians
Spain,adults 18+,1.666666667,2,1.333333333,1,1,1,Spain,724,,17.15944444,29066.47018,41.06751948,93.29748577,80.20726673,0.694630872,Christians
Spain,all,3,2.5,2.5,1,1,1,Spain,724,,17.15944444,29066.47018,41.06751948,93.29748577,80.20726673,0.694630872,Christians
Spain,midage 18-59,2,3,1.666666667,1,1,1,Spain,724,,17.15944444,29066.47018,41.06751948,93.29748577,80.20726673,0.694630872,Christians
St. Lucia,0-17,18.5,18,19.5,1,1,1,Saint Lucia,662,0.510681709,13.42833333,10070.4383,,,84.67500536,0.888888889,Christians
St. Lucia,18-34,7,9,6,1,1,1,Saint Lucia,662,0.506159114,13.42833333,10070.4383,,,84.67500536,0.888888889,Christians
St. Lucia,35-59,7,11,2,1,1,1,Saint Lucia,662,0.497869843,13.42833333,10070.4383,,,84.67500536,0.888888889,Christians
St. Lucia,60+,1,1,1.5,1,1,1,Saint Lucia,662,0.382420478,13.42833333,10070.4383,,,84.67500536,0.888888889,Christians
St. Lucia,adults 18+,7.666666667,10.66666667,5,1,1,1,Saint Lucia,662,,13.42833333,10070.4383,,,84.67500536,0.888888889,Christians
St. Lucia,all,9,13.33333333,9.333333333,1,1,1,Saint Lucia,662,,13.42833333,10070.4383,,,84.67500536,0.888888889,Christians
St. Lucia,midage 18-59,8.333333333,12,5.333333333,1,1,1,Saint Lucia,662,,13.42833333,10070.4383,,,84.67500536,0.888888889,Christians
Suriname,0-17,11,10.6,11.2,1,1,1,Suriname,740,0.507829365,,7785.466903,26.30045937,3.686486467,65.71369397,0.524590164,Christians
Suriname,18-34,5.8,7,4.2,1,1,1,Suriname,740,0.514764491,,7785.466903,26.30045937,3.686486467,65.71369397,0.524590164,Christians
Suriname,35-59,4.4,7.6,1,1,1,1,Suriname,740,0.50546219,,7785.466903,26.30045937,3.686486467,65.71369397,0.524590164,Christians
Suriname,60+,1,1,1,1,1,1,Suriname,740,0.376147657,,7785.466903,26.30045937,3.686486467,65.71369397,0.524590164,Christians
Suriname,adults 18+,4.6,6.4,2.2,1,1,1,Suriname,740,,,7785.466903,26.30045937,3.686486467,65.71369397,0.524590164,Christians
Suriname,all,6.6,7.8,6,1,1,1,Suriname,740,,,7785.466903,26.30045937,3.686486467,65.71369397,0.524590164,Christians
Suriname,midage 18-59,5.2,7.6,2.4,1,1,1,Suriname,740,,,7785.466903,26.30045937,3.686486467,65.71369397,0.524590164,Christians
Swaziland,0-17,11,10.33333333,11.33333333,1,1,1,Eswatini,748,0.501178406,,,,,,,
Swaziland,18-34,6,8.666666667,3,1,1,1,Eswatini,748,0.487313057,,,,,,,
Swaziland,35-59,6.666666667,8.666666667,4.333333333,1,1,1,Eswatini,748,0.462637886,,,,,,,
Swaziland,60+,1,1,1,1,1,1,Eswatini,748,0.37797185,,,,,,,
Swaziland,adults 18+,5.666666667,7,3.333333333,1,1,1,Eswatini,748,,,,,,,,
Swaziland,all,8,8.666666667,7,1,1,1,Eswatini,748,,,,,,,,
Swaziland,midage 18-59,6.333333333,8.666666667,3.666666667,1,1,1,Eswatini,748,,,,,,,,
Sweden,0-17,18.33333333,18.66666667,17.66666667,1,1,1,Sweden,752,0.513920662,17.61711111,55733.50377,39.82120919,23.89487856,89.17194942,0.607729469,Christians
Sweden,18-34,3,3,2.666666667,1,1,1,Sweden,752,0.514346595,17.61711111,55733.50377,39.82120919,23.89487856,89.17194942,0.607729469,Christians
Sweden,35-59,6,6.666666667,5.333333333,1,1,1,Sweden,752,0.507127975,17.61711111,55733.50377,39.82120919,23.89487856,89.17194942,0.607729469,Christians
Sweden,60+,1,1,1,1,1,1,Sweden,752,0.409783057,17.61711111,55733.50377,39.82120919,23.89487856,89.17194942,0.607729469,Christians
Sweden,adults 18+,3,3.333333333,3.333333333,1,1,1,Sweden,752,,17.61711111,55733.50377,39.82120919,23.89487856,89.17194942,0.607729469,Christians
Sweden,all,6.333333333,6,5,1,1,1,Sweden,752,,17.61711111,55733.50377,39.82120919,23.89487856,89.17194942,0.607729469,Christians
Sweden,midage 18-59,5,5.666666667,4.333333333,1,1,1,Sweden,752,,17.61711111,55733.50377,39.82120919,23.89487856,89.17194942,0.607729469,Christians
Switzerland,0-17,15,16,13.33333333,1,1,1,Switzerland,756,0.513649724,15.99025,84700.54772,41.08111979,204.6223036,82.9741951,0.615740741,Christians
Switzerland,18-34,2,3.333333333,1,1,1,1,Switzerland,756,0.508419491,15.99025,84700.54772,41.08111979,204.6223036,82.9741951,0.615740741,Christians
Switzerland,35-59,4.666666667,7,2,1,1,1,Switzerland,756,0.504060814,15.99025,84700.54772,41.08111979,204.6223036,82.9741951,0.615740741,Christians
Switzerland,60+,1,1,1,1,1,1,Switzerland,756,0.394086909,15.99025,84700.54772,41.08111979,204.6223036,82.9741951,0.615740741,Christians
Switzerland,adults 18+,2.25,3.5,1.25,1,1,1,Switzerland,756,,15.99025,84700.54772,41.08111979,204.6223036,82.9741951,0.615740741,Christians
Switzerland,all,4.666666667,5,2.75,1,1,1,Switzerland,756,,15.99025,84700.54772,41.08111979,204.6223036,82.9741951,0.615740741,Christians
Switzerland,midage 18-59,3,4.25,1.5,1,1,1,Switzerland,756,,15.99025,84700.54772,41.08111979,204.6223036,82.9741951,0.615740741,Christians
Taiwan,0-17,5,5.333333333,5,1,1,1,,,,,,,,,,
Taiwan,18-34,1,1,1,1,1,1,,,,,,,,,,
Taiwan,35-59,2,3.5,1,1,1,1,,,,,,,,,,
Taiwan,60+,1,1,1,1,1,1,,,,,,,,,,
Taiwan,adults 18+,1,1.75,1,1,1,1,,,,,,,,,,
Taiwan,all,1.666666667,2.5,1,1,1,1,,,,,,,,,,
Taiwan,midage 18-59,1.25,2.25,1,1,1,1,,,,,,,,,,
Tajikistan,0-17,3,3,3,1,1,1,Tajikistan,762,0.503399876,10.93225,893.6118998,20.50036506,59.03877281,58.02128223,0.988717949,Muslims
Tajikistan,18-34,2,2,1,1,1,1,Tajikistan,762,0.48377083,10.93225,893.6118998,20.50036506,59.03877281,58.02128223,0.988717949,Muslims
Tajikistan,35-59,2,4,1,1,1,1,Tajikistan,762,0.469850065,10.93225,893.6118998,20.50036506,59.03877281,58.02128223,0.988717949,Muslims
Tajikistan,60+,1,1,1,1,1,1,Tajikistan,762,0.38985796,10.93225,893.6118998,20.50036506,59.03877281,58.02128223,0.988717949,Muslims
Tajikistan,adults 18+,2,3,1,1,1,1,Tajikistan,762,,10.93225,893.6118998,20.50036506,59.03877281,58.02128223,0.988717949,Muslims
Tajikistan,all,2,3,2,1,1,1,Tajikistan,762,,10.93225,893.6118998,20.50036506,59.03877281,58.02128223,0.988717949,Muslims
Tajikistan,midage 18-59,2,3,1,1,1,1,Tajikistan,762,,10.93225,893.6118998,20.50036506,59.03877281,58.02128223,0.988717949,Muslims
Thailand,0-17,4.75,4.25,5,1,1,1,Thailand,764,0.51471993,14.3675,5880.843708,35.33403894,137.2378783,78.92756251,0.943886097,Buddhists
Thailand,18-34,2.25,2.75,1.25,1,1,1,Thailand,764,0.50595634,14.3675,5880.843708,35.33403894,137.2378783,78.92756251,0.943886097,Buddhists
Thailand,35-59,2,2.5,1,1,1,1,Thailand,764,0.486061356,14.3675,5880.843708,35.33403894,137.2378783,78.92756251,0.943886097,Buddhists
Thailand,60+,1,1,1,1,1,1,Thailand,764,0.417643637,14.3675,5880.843708,35.33403894,137.2378783,78.92756251,0.943886097,Buddhists
Thailand,adults 18+,1.25,2.25,1,1,1,1,Thailand,764,,14.3675,5880.843708,35.33403894,137.2378783,78.92756251,0.943886097,Buddhists
Thailand,all,2.25,2.25,2,1,1,1,Thailand,764,,14.3675,5880.843708,35.33403894,137.2378783,78.92756251,0.943886097,Buddhists
Thailand,midage 18-59,2,2.5,1.25,1,1,1,Thailand,764,,14.3675,5880.843708,35.33403894,137.2378783,78.92756251,0.943886097,Buddhists
Timor-Leste,0-17,6,6,6,1,1,1,Timor-Leste,626,0.515480425,13.129,1149.424777,18.57310137,79.44015169,84.6832085,0.992481203,Christians
Timor-Leste,18-34,4,4,3,1,1,1,Timor-Leste,626,0.502691194,13.129,1149.424777,18.57310137,79.44015169,84.6832085,0.992481203,Christians
Timor-Leste,35-59,4,5,2,1,1,1,Timor-Leste,626,0.518335659,13.129,1149.424777,18.57310137,79.44015169,84.6832085,0.992481203,Christians
Timor-Leste,60+,2,2,2,1,1,1,Timor-Leste,626,0.441760675,13.129,1149.424777,18.57310137,79.44015169,84.6832085,0.992481203,Christians
Timor-Leste,adults 18+,3,4,3,1,1,1,Timor-Leste,626,,13.129,1149.424777,18.57310137,79.44015169,84.6832085,0.992481203,Christians
Timor-Leste,all,5,5,4,1,1,1,Timor-Leste,626,,13.129,1149.424777,18.57310137,79.44015169,84.6832085,0.992481203,Christians
Timor-Leste,midage 18-59,4,4,3,1,1,1,Timor-Leste,626,,13.129,1149.424777,18.57310137,79.44015169,84.6832085,0.992481203,Christians
Togo,0-17,8.5,8,8.75,19.5,19.25,20.25,Togo,768,0.504067917,12.19,789.0030692,18.14629933,137.5765449,91.79868324,0.568627451,Christians
Togo,18-34,5.5,6.75,3.5,13,15.25,10.75,Togo,768,0.504924671,12.19,789.0030692,18.14629933,137.5765449,91.79868324,0.568627451,Christians
Togo,35-59,6.75,10,2.25,16.25,20,11.25,Togo,768,0.496221895,12.19,789.0030692,18.14629933,137.5765449,91.79868324,0.568627451,Christians
Togo,60+,1.75,1.25,1.75,18,15.75,20.25,Togo,768,0.439691752,12.19,789.0030692,18.14629933,137.5765449,91.79868324,0.568627451,Christians
Togo,adults 18+,5.25,7.25,3,15,17.25,12,Togo,768,,12.19,789.0030692,18.14629933,137.5765449,91.79868324,0.568627451,Christians
Togo,all,7,7.75,6,17.25,18.25,16.5,Togo,768,,12.19,789.0030692,18.14629933,137.5765449,91.79868324,0.568627451,Christians
Togo,midage 18-59,5.75,8.25,3,14.25,17.5,11,Togo,768,,12.19,789.0030692,18.14629933,137.5765449,91.79868324,0.568627451,Christians
Trinidad and Tobago,0-17,11.6,10.2,12.8,1,1,1,Trinidad and Tobago,780,0.509109738,,19111.41914,32.44433828,277.2628114,70.54137638,0.702702703,Christians
Trinidad and Tobago,18-34,3.8,4.4,3,1,1,1,Trinidad and Tobago,780,0.505145733,,19111.41914,32.44433828,277.2628114,70.54137638,0.702702703,Christians
Trinidad and Tobago,35-59,3.6,5.8,1.8,1,1,1,Trinidad and Tobago,780,0.493179951,,19111.41914,32.44433828,277.2628114,70.54137638,0.702702703,Christians
Trinidad and Tobago,60+,1,1,1,1,1,1,Trinidad and Tobago,780,0.364654695,,19111.41914,32.44433828,277.2628114,70.54137638,0.702702703,Christians
Trinidad and Tobago,adults 18+,3.2,4.2,2,1,1,1,Trinidad and Tobago,780,,,19111.41914,32.44433828,277.2628114,70.54137638,0.702702703,Christians
Trinidad and Tobago,all,5,5.4,4.2,1,1,1,Trinidad and Tobago,780,,,19111.41914,32.44433828,277.2628114,70.54137638,0.702702703,Christians
Trinidad and Tobago,midage 18-59,3.4,5.2,2.4,1,1,1,Trinidad and Tobago,780,,,19111.41914,32.44433828,277.2628114,70.54137638,0.702702703,Christians
Tunisia,0-17,4,3,4,1,1,1,Tunisia,788,0.516718207,14.17416667,4105.381843,29.10846128,72.50442214,36.76142021,0.993316625,Muslims
Tunisia,18-34,2,2,2,1,1,1,Tunisia,788,0.4977477,14.17416667,4105.381843,29.10846128,72.50442214,36.76142021,0.993316625,Muslims
Tunisia,35-59,2,3,1,1,1,1,Tunisia,788,0.495058567,14.17416667,4105.381843,29.10846128,72.50442214,36.76142021,0.993316625,Muslims
Tunisia,60+,1,1,1,1,1,1,Tunisia,788,0.417514582,14.17416667,4105.381843,29.10846128,72.50442214,36.76142021,0.993316625,Muslims
Tunisia,adults 18+,2,2,1,1,1,1,Tunisia,788,,14.17416667,4105.381843,29.10846128,72.50442214,36.76142021,0.993316625,Muslims
Tunisia,all,2,3,2,1,1,1,Tunisia,788,,14.17416667,4105.381843,29.10846128,72.50442214,36.76142021,0.993316625,Muslims
Tunisia,midage 18-59,2,3,1,1,1,1,Tunisia,788,,14.17416667,4105.381843,29.10846128,72.50442214,36.76142021,0.993316625,Muslims
Turkey,0-17,2,2,2,1,1,1,Trkiye,792,0.513186149,,,,,,,
Turkey,18-34,1,1,1,1,1,1,Trkiye,792,0.509261692,,,,,,,
Turkey,35-59,1,1,1,1,1,1,Trkiye,792,0.502389239,,,,,,,
Turkey,60+,1,1,1,1,1,1,Trkiye,792,0.367424055,,,,,,,
Turkey,adults 18+,1,1,1,1,1,1,Trkiye,792,,,,,,,,
Turkey,all,1,1,1,1,1,1,Trkiye,792,,,,,,,,
Turkey,midage 18-59,1,1,1,1,1,1,Trkiye,792,,,,,,,,
Uganda,0-17,10,9.333333333,10.33333333,1.333333333,1.333333333,1.333333333,Uganda,800,0.500730152,,815.7429456,14.69779316,183.4487945,93.79690018,0.877417904,Christians
Uganda,18-34,5.333333333,7.333333333,3.333333333,1,1,1,Uganda,800,0.496519282,,815.7429456,14.69779316,183.4487945,93.79690018,0.877417904,Christians
Uganda,35-59,8,12,3.333333333,1.333333333,1.666666667,1,Uganda,800,0.476222669,,815.7429456,14.69779316,183.4487945,93.79690018,0.877417904,Christians
Uganda,60+,1,1,1.333333333,1,1,1.333333333,Uganda,800,0.345765635,,815.7429456,14.69779316,183.4487945,93.79690018,0.877417904,Christians
Uganda,adults 18+,5.666666667,7.666666667,3,1,1,1,Uganda,800,,,815.7429456,14.69779316,183.4487945,93.79690018,0.877417904,Christians
Uganda,all,8,8.5,5.75,1,1.25,1,Uganda,800,,,815.7429456,14.69779316,183.4487945,93.79690018,0.877417904,Christians
Uganda,midage 18-59,6.333333333,9,3,1,1,1,Uganda,800,,,815.7429456,14.69779316,183.4487945,93.79690018,0.877417904,Christians
Ukraine,0-17,8.333333333,9.333333333,7.333333333,1,1,1,Ukraine,804,0.514524069,14.41544444,3083.194689,39.18531704,79.23460811,80.46135598,0.834377798,Christians
Ukraine,18-34,1.666666667,3,1,1,1,1,Ukraine,804,0.511944864,14.41544444,3083.194689,39.18531704,79.23460811,80.46135598,0.834377798,Christians
Ukraine,35-59,2.333333333,4.333333333,1,1,1,1,Ukraine,804,0.476811069,14.41544444,3083.194689,39.18531704,79.23460811,80.46135598,0.834377798,Christians
Ukraine,60+,1,1,1,1,1,1,Ukraine,804,0.2766671,14.41544444,3083.194689,39.18531704,79.23460811,80.46135598,0.834377798,Christians
Ukraine,adults 18+,1.666666667,2.666666667,1,1,1,1,Ukraine,804,,14.41544444,3083.194689,39.18531704,79.23460811,80.46135598,0.834377798,Christians
Ukraine,all,2.666666667,3.666666667,1.666666667,1,1,1,Ukraine,804,,14.41544444,3083.194689,39.18531704,79.23460811,80.46135598,0.834377798,Christians
Ukraine,midage 18-59,2,3.666666667,1,1,1,1,Ukraine,804,,14.41544444,3083.194689,39.18531704,79.23460811,80.46135598,0.834377798,Christians
United Kingdom,0-17,21.33333333,20.66666667,21,1,1,1,United Kingdom,826,0.512100249,16.894125,42773.45702,38.64339837,267.3695516,82.90231381,0.493689681,Christians
United Kingdom,18-34,6.666666667,10.66666667,2,1,1,1,United Kingdom,826,0.504716218,16.894125,42773.45702,38.64339837,267.3695516,82.90231381,0.493689681,Christians
United Kingdom,35-59,4.666666667,7,2,1,1,1,United Kingdom,826,0.488908635,16.894125,42773.45702,38.64339837,267.3695516,82.90231381,0.493689681,Christians
United Kingdom,60+,1,1,1,1,1,1,United Kingdom,826,0.40352246,16.894125,42773.45702,38.64339837,267.3695516,82.90231381,0.493689681,Christians
United Kingdom,adults 18+,3.666666667,6,1.666666667,1,1,1,United Kingdom,826,,16.894125,42773.45702,38.64339837,267.3695516,82.90231381,0.493689681,Christians
United Kingdom,all,7.333333333,9.75,7.5,1,1,1,United Kingdom,826,,16.894125,42773.45702,38.64339837,267.3695516,82.90231381,0.493689681,Christians
United Kingdom,midage 18-59,5,8.333333333,2,1,1,1,United Kingdom,826,,16.894125,42773.45702,38.64339837,267.3695516,82.90231381,0.493689681,Christians
United States,0-17,23,23.66666667,23.33333333,1,1,1,United States of America,840,0.513231154,16.61883333,55175.13,,,81.7961067,0.640083667,Christians
United States,18-34,7,10.66666667,3.666666667,1,1,1,United States of America,840,0.51659198,16.61883333,55175.13,,,81.7961067,0.640083667,Christians
United States,35-59,5.666666667,8.666666667,2.333333333,1,1,1,United States of America,840,0.505598291,16.61883333,55175.13,,,81.7961067,0.640083667,Christians
United States,60+,2.333333333,3,1.333333333,1,1,1,United States of America,840,0.4038454,16.61883333,55175.13,,,81.7961067,0.640083667,Christians
United States,adults 18+,4,5.6,2.6,1,1,1,United States of America,840,,16.61883333,55175.13,,,81.7961067,0.640083667,Christians
United States,all,8.25,8,6.166666667,1,1,1,United States of America,840,,16.61883333,55175.13,,,81.7961067,0.640083667,Christians
United States,midage 18-59,5,7.25,2.5,1,1,1,United States of America,840,,16.61883333,55175.13,,,81.7961067,0.640083667,Christians
Vietnam,0-17,3.75,3.75,3.75,1,1,1,Viet Nam,704,0.515911733,,,,,,,
Vietnam,18-34,1.75,1.75,1.25,1,1,1,Viet Nam,704,0.497150702,,,,,,,
Vietnam,35-59,2,3,1,1,1,1,Viet Nam,704,0.480311023,,,,,,,
Vietnam,60+,1,1,1,1,1,1,Viet Nam,704,0.322062034,,,,,,,
Vietnam,adults 18+,1.75,2,1,1,1,1,Viet Nam,704,,,,,,,,
Vietnam,all,2.25,2.75,1.75,1,1,1,Viet Nam,704,,,,,,,,
Vietnam,midage 18-59,2,2.5,1,1,1,1,Viet Nam,704,,,,,,,,
Yemen,0-17,3,3,3,2,2,2,Yemen,887,0.511990603,,,17.40921838,57.40113296,,0.998892887,Muslims
Yemen,18-34,2,2,2,2,2,1,Yemen,887,0.510321513,,,17.40921838,57.40113296,,0.998892887,Muslims
Yemen,35-59,2,3,1,2,3,2,Yemen,887,0.498072068,,,17.40921838,57.40113296,,0.998892887,Muslims
Yemen,60+,1,1,1,2,2,2,Yemen,887,0.399177718,,,17.40921838,57.40113296,,0.998892887,Muslims
Yemen,adults 18+,2,2,1,2,2,2,Yemen,887,,,,17.40921838,57.40113296,,0.998892887,Muslims
Yemen,all,2,2,2,2,2,2,Yemen,887,,,,17.40921838,57.40113296,,0.998892887,Muslims
Yemen,midage 18-59,2,2,1,2,2,1,Yemen,887,,,,17.40921838,57.40113296,,0.998892887,Muslims
Zambia,0-17,7.4,7.2,7.2,1,1,1,Zambia,894,0.498473887,,1532.950905,16.03766156,21.42433544,78.28535172,0.982686254,Christians
Zambia,18-34,3.166666667,4.5,2.166666667,1,1.333333333,1,Zambia,894,0.499022181,,1532.950905,16.03766156,21.42433544,78.28535172,0.982686254,Christians
Zambia,35-59,3.5,6.333333333,1.333333333,1.166666667,1.333333333,1,Zambia,894,0.47587135,,1532.950905,16.03766156,21.42433544,78.28535172,0.982686254,Christians
Zambia,60+,1.25,2,1,1,1,1,Zambia,894,0.367655053,,1532.950905,16.03766156,21.42433544,78.28535172,0.982686254,Christians
Zambia,adults 18+,3,4.833333333,1.666666667,1,1,1,Zambia,894,,,1532.950905,16.03766156,21.42433544,78.28535172,0.982686254,Christians
Zambia,all,4.666666667,5.333333333,3.666666667,1,1,1,Zambia,894,,,1532.950905,16.03766156,21.42433544,78.28535172,0.982686254,Christians
Zambia,midage 18-59,3.166666667,5.166666667,1.666666667,1,1,1,Zambia,894,,,1532.950905,16.03766156,21.42433544,78.28535172,0.982686254,Christians
Zimbabwe,0-17,9.666666667,9.333333333,9.666666667,1.333333333,1.333333333,1,Zimbabwe,716,0.501749387,10.8735,1602.85386,16.94769882,36.71743757,83.09134624,0.871860914,Christians
Zimbabwe,18-34,5.333333333,8.666666667,2,1.333333333,1.666666667,1,Zimbabwe,716,0.462419931,10.8735,1602.85386,16.94769882,36.71743757,83.09134624,0.871860914,Christians
Zimbabwe,35-59,6.333333333,10.66666667,2.333333333,1,1,1,Zimbabwe,716,0.432388333,10.8735,1602.85386,16.94769882,36.71743757,83.09134624,0.871860914,Christians
Zimbabwe,60+,1,1,1,1,1,1,Zimbabwe,716,0.376616103,10.8735,1602.85386,16.94769882,36.71743757,83.09134624,0.871860914,Christians
Zimbabwe,adults 18+,5.333333333,8,2,1,1.333333333,1,Zimbabwe,716,,10.8735,1602.85386,16.94769882,36.71743757,83.09134624,0.871860914,Christians
Zimbabwe,all,7.333333333,6.75,5,1,2.25,1.5,Zimbabwe,716,,10.8735,1602.85386,16.94769882,36.71743757,83.09134624,0.871860914,Christians
Zimbabwe,midage 18-59,5.666666667,9.666666667,2,1,1.333333333,1,Zimbabwe,716,,10.8735,1602.85386,16.94769882,36.71743757,83.09134624,0.871860914,Christians